{
  "name" : "file",
  "id" : "41",
  "version" : "v1",
  "modifiedAt" : "Mon Dec 05 09:50:21 UTC 2022",
  "trainedAt" : "Mon Dec 05 09:49:28 UTC 2022",
  "description" : "",
  "inputSchema" : {
    "id" : "input_id",
    "name" : "input for file",
    "type" : "struct",
    "fields" : [ {
      "name" : "Gender",
      "type" : "string",
      "nullable" : false
    }, {
      "name" : "Status",
      "type" : "string",
      "nullable" : false
    }, {
      "name" : "Car Owner",
      "type" : "string",
      "nullable" : false
    }, {
      "name" : "Paymethod",
      "type" : "string",
      "nullable" : false
    }, {
      "name" : "Children",
      "type" : "double",
      "nullable" : false
    }, {
      "name" : "Est Income",
      "type" : "double",
      "nullable" : false
    }, {
      "name" : "Age",
      "type" : "double",
      "nullable" : false
    }, {
      "name" : "Usage",
      "type" : "double",
      "nullable" : false
    }, {
      "name" : "RatePlan",
      "type" : "double",
      "nullable" : false
    } ]
  },
  "outputSchema" : {
    "id" : "output_id",
    "name" : "output for file",
    "type" : "struct",
    "fields" : [ {
      "name" : "probability(T)",
      "type" : "double",
      "nullable" : false
    }, {
      "name" : "probability(F)",
      "type" : "double",
      "nullable" : false
    } ]
  },
  "metadata" : {
    "description" : null,
    "tags" : [ "ADS_TAG/105924706/ML" ]
  }
}