{
  "name" : "LTV_Regression",
  "id" : "16",
  "version" : "v1",
  "modifiedAt" : "2023-09-26T14:09:43.262374Z",
  "trainedAt" : "2023-09-26T14:09:43.220999Z",
  "description" : "",
  "inputSchema" : {
    "id" : "input_id",
    "name" : "input for LTV_Regression",
    "type" : "struct",
    "fields" : [ {
      "name" : "Gender",
      "type" : "string",
      "nullable" : false
    }, {
      "name" : "Status",
      "type" : "string",
      "nullable" : false
    }, {
      "name" : "Car Owner",
      "type" : "string",
      "nullable" : false
    }, {
      "name" : "Paymethod",
      "type" : "string",
      "nullable" : false
    }, {
      "name" : "Children",
      "type" : "double",
      "nullable" : false
    }, {
      "name" : "Est Income",
      "type" : "double",
      "nullable" : false
    }, {
      "name" : "Age",
      "type" : "double",
      "nullable" : false
    }, {
      "name" : "Usage",
      "type" : "double",
      "nullable" : false
    }, {
      "name" : "RatePlan",
      "type" : "double",
      "nullable" : false
    } ]
  },
  "outputSchema" : {
    "id" : "output_id",
    "name" : "output for LTV_Regression",
    "type" : "struct",
    "fields" : [ {
      "name" : "predicted_LTV",
      "type" : "double",
      "nullable" : false
    } ]
  },
  "metadata" : {
    "description" : null,
    "tags" : [ "ADS_TAG/103885706/Telecom" ]
  }
}