Gender,Status,Children,Est Income,Car Owner,Age,Paymethod,Usage,RatePlan,LTV
F,S,1,38000,N,24.393333,CC,229.64,3,2739.24
M,M,2,29616,N,49.426667,CH,75.29,2,740.08
M,M,0,19732.8,N,50.673333,CC,47.25,3,527.79
M,S,2,96.33,N,56.473333,CC,59.01,1,613.85
F,M,2,52004.8,N,25.14,CH,28.14,1,602.8
M,M,2,53010.8,N,18.84,CC,58.87,1,1650.52
M,M,1,75004.5,N,64.8,CC,58.72,1,466.53
M,M,0,19749.3,N,60.366667,CC,34.17,3,287.09
M,S,1,57626.9,Y,43.906667,CC,48.35,2,538.12
M,M,2,20078,N,32.846667,CC,15.98,4,286.06
F,M,2,47902,N,26.033333,Auto,72.31,2,1541.94
M,M,1,7545.96,Y,16.753333,CC,200.75,3,5972.31
F,S,0,78851.3,N,48.373333,CC,29.04,4,341.92
F,S,1,17540.7,Y,62.786667,Auto,36.2,4,340.03
F,M,0,83891.9,Y,61.02,CH,74.4,4,671.36
F,M,2,28220.8,N,38.766667,CC,38.95,4,563.05
F,S,0,28589.1,N,15.6,CC,100.28,4,3167.68
F,M,2,5237.63,N,48.753333,CC,78.02,2,947.91
M,S,2,89459.9,N,53.28,CC,36.05,2,395.93
F,S,1,13576.5,N,39.426667,CC,40.49,1,564.31
F,M,2,67388,N,53.12,CC,96.33,3,1037.98
F,M,1,57063,Y,52.333333,CH,98.1,4,939.97
F,M,2,84166.1,N,54.013333,CC,15.02,2,158.32
F,S,1,7737.94,N,42.666667,CC,61.9,4,701.6
M,S,2,100020,N,50,CH,314.62,4,3673.2
F,M,2,45287.6,Y,29.026667,CC,2.97,3,58.63
F,M,2,59613.1,N,34.32,CC,175.78,1,2630.97
F,S,1,16326.7,N,50.613333,CC,1.34,1,14.87
F,S,2,9559.78,N,51.38,CC,77.91,3,794.27
F,M,2,42031.8,N,50.753333,CH,59.78,4,592.17
F,M,2,83284.1,Y,28.42,Auto,35.96,4,679.83
M,M,1,39229.1,N,26.26,CC,47.1,4,1068.3
F,S,0,68427.4,N,42.393333,Auto,73.81,3,1036.92
M,S,0,3601.71,N,49.266667,Auto,125.6,4,1251.05
F,M,0,72642.6,N,27.646667,CH,39,4,825.48
F,S,0,98716.3,N,55.66,CC,43.13,4,375.19
F,S,2,66182.7,Y,62.48,Auto,58.87,2,552.24
F,M,2,84789.3,N,50.433333,CH,33.47,4,379.82
F,M,2,35976.5,Y,48.853333,Auto,50.63,4,534.71
F,M,0,32703.1,Y,64.92,CC,72.89,4,585.6
F,M,1,77129.1,Y,61.846667,CH,44.85,4,429.01
F,M,2,8204.72,N,52.973333,CH,39.79,3,364.34
M,M,1,97180.4,N,50.6,CC,63.51,4,664.24
F,M,0,80405.1,N,60.226667,CC,28.98,4,252.84
F,S,2,38280,N,33.74,Auto,86.61,4,1321.9
M,S,0,64136.6,Y,61.106667,CC,142.37,2,1127.73
F,M,2,45429.7,Y,61.713333,CH,97.74,2,849.86
F,S,0,25285.5,N,53.986667,CC,21.3,1,222.3
F,M,2,77551.1,Y,33.6,CC,62.42,2,948.13
F,M,0,38538.4,N,12.326667,CC,47.66,3,2090.3
F,S,0,69350.5,Y,57.42,CC,27.86,4,239.54
M,S,2,43634.5,N,21.78,CC,143.5,1,3224.11
F,S,1,13109.1,N,62.606667,Auto,62.87,1,537.86
M,S,1,92647.5,N,56.046667,CC,32.13,4,279.32
F,S,2,21021.6,Y,62.753333,CC,14.95,3,140.4
M,S,0,74460.7,Y,55.34,CC,206.46,2,2050.27
F,S,2,28787.4,N,41.666667,Auto,86.06,2,1051.42
M,M,1,13091.6,N,59.126667,CC,43.06,2,405.33
F,M,2,62061.8,Y,45.92,Auto,82.08,2,1003.89
F,M,1,20550.9,Y,22.12,CC,85.64,3,1996.55
M,M,2,1765.41,N,18.766667,CC,47.99,4,1393.12
F,S,2,19131.1,N,56.186667,Auto,57.07,2,542.42
F,S,2,83073.7,N,39.553333,CC,3.2,4,39.7
M,M,2,42750.3,Y,50.493333,Auto,134.97,1,1475.56
F,S,2,2842.55,N,45.92,Auto,0.79,2,8.8
M,M,2,22358.1,N,52.626667,CC,29.25,1,322.83
M,M,0,47870.8,Y,27.26,CC,13.82,2,290.09
F,S,2,6440.46,Y,52.646667,CH,49.86,1,546.43
F,S,0,7325.5,N,36.92,CC,190.06,2,2546.88
M,M,2,28766.9,N,46.84,CC,64.2,1,794.96
M,M,2,91272.2,Y,25.033333,CC,40,3,784.55
M,S,0,65000,Y,45.653333,Auto,137,4,1782.69
M,M,2,1406.05,Y,19.306667,CC,26.72,1,730.74
F,S,0,73228.3,N,62,Auto,50.58,4,453.84
F,S,2,76231.9,N,63.806667,Auto,152.76,2,1247.64
M,M,1,64792.3,N,52.146667,CH,51.41,3,490.97
F,S,0,93322.1,Y,40.313333,CH,38.72,1,558.98
M,M,1,63437.3,N,63.653333,CC,14.98,4,138.26
M,M,2,49910.7,Y,51.52,CC,51.14,3,504.62
M,M,0,76161.4,Y,44.573333,CC,37.55,4,472.99
F,M,2,55860,Y,14.573333,CC,26.37,3,986.41
F,S,1,12686,N,64.8,Auto,103.88,2,777.59
M,M,2,57360.8,Y,53.253333,CC,67.61,1,704.51
M,M,0,92414.7,Y,45.513333,CC,40.06,4,434.41
M,M,1,60102.7,N,42.14,CH,72.29,3,829.66
F,M,2,17888.7,N,55,CC,361.88,1,3203.57
F,S,1,12526.3,N,53.553333,CC,40.59,2,388.96
F,S,2,14578.8,Y,60.933333,Auto,107.02,1,938.63
M,M,0,78572.2,Y,42.346667,CC,51.09,4,676.58
F,M,2,48238.8,N,34.706667,CC,191.32,4,3289.68
F,M,0,28770.9,N,12.34,CH,49.6,4,2088.34
F,M,2,87578.2,Y,53.366667,CC,22.44,1,212.93
F,M,2,86695.4,N,13.906667,CC,58.03,2,2279.39
F,S,2,76791.2,N,61,CC,43.71,4,370.09
F,D,0,30763.8,Y,14.193333,CC,57.17,4,2223.11
F,M,2,3193.6,N,54.046667,CH,118.82,3,1157.16
M,M,1,69680.9,N,15.846667,CC,39.8,2,1417.35
F,M,0,83287,N,45.486667,Auto,119.82,3,1517.01
M,S,0,2056.06,Y,18.94,Auto,58.8,2,1635.37
F,M,2,7776.6,N,35.706667,CC,94.2,4,1340.87
M,M,1,2067.82,N,47.853333,CC,85.9,4,1044.58
M,S,0,66666,N,52,CH,20.74,1,194.04
F,M,2,69343.3,N,42.166667,CC,21.91,2,304.11
F,M,0,77000,N,55,Auto,24.46,4,263.11
F,M,0,14932.5,N,52,CC,11.42,1,129.27
F,S,0,27498.1,N,42,CC,12.08,4,160.05
F,M,2,21419.9,N,59.833333,CC,129.51,1,1281.21
F,M,2,30665.2,Y,22.88,Auto,77.44,3,1726.59
F,M,1,66000,Y,63.353333,Auto,37.04,2,299.57
F,M,2,50561.3,N,52,CH,129.91,2,1473.6
F,S,2,23464,Y,70,CC,64.14,3,510.63
F,M,2,194.57,N,42,CC,67.21,4,776.19
F,M,1,98680.4,Y,55,CH,26.44,4,239.95
M,M,1,65619.7,Y,46,CC,158.22,3,1970.86
F,M,1,95620.3,Y,52,CC,104.53,2,1002.1
F,S,0,85275,N,47,Auto,174.09,2,1827.57
F,M,1,66921.4,Y,43,CC,24.67,3,332.3
F,M,1,98453.6,Y,46,Auto,25.38,3,285.64
F,M,2,94026.8,Y,27.746667,CC,35.63,3,657.02
F,S,2,57420,Y,61,Auto,277.72,2,2515.16
M,M,0,77000,N,44,CH,34.35,4,440.36
M,M,2,47639.1,N,48,CC,57.11,4,582.15
F,M,2,63234.5,Y,52.36,CH,1.16,3,12.17
F,M,2,18296.4,Y,42.626667,CC,10.47,3,121.68
F,S,0,39461,N,22.226667,CC,126.68,4,3296.76
F,S,1,68000,N,60,Auto,86.12,3,775.98
F,M,2,52957,Y,39.746667,CH,151.32,2,2215.24
F,S,2,86747.1,N,64.853333,Auto,57.4,3,427.43
F,M,1,87404.6,N,63.186667,Auto,160.84,3,1242.79
M,S,2,20919,N,27.886667,CC,164.54,2,3406.29
F,M,2,85394,Y,20.16,Auto,35.69,4,1029.8
F,S,0,2121.36,N,39.786667,CC,38.8,3,540.26
F,M,2,63566.1,Y,56.3,CH,73.03,2,736.13
F,S,0,89813.6,N,12.846667,CC,166.18,4,7180.96
F,M,2,82644.2,Y,33.493333,CC,41.85,4,695.66
F,S,1,27783.6,N,14.04,CC,29.58,3,1123.33
F,M,2,60485.5,N,41.666667,Auto,40.41,1,564.28
F,M,2,809.43,Y,31.913333,CH,2.89,1,47.22
M,S,1,76529.8,N,58.28,CC,43.89,1,395.05
F,M,2,34577.7,N,63.253333,CH,145.75,2,1377.71
F,M,0,80000,N,48,Auto,73.02,3,814.42
F,S,2,19008.4,Y,52.166667,CC,147.74,4,1595.14
F,M,0,98056.3,N,55.966667,Auto,150.67,3,1501.08
M,M,0,73400,Y,64.226667,CH,2.21,4,19.65
M,M,0,78894.2,N,28,CH,46.65,2,839.86
M,S,1,16432.1,Y,20.92,CH,109.78,1,3048.21
M,M,0,62797.9,N,54.446667,CH,68.09,1,689.99
M,S,1,71329.9,Y,42.233333,CC,63.75,3,882.67
F,S,0,20913.6,N,53.013333,CC,95.93,4,1000.85
F,S,1,540.4,Y,39.213333,Auto,20.1,4,287.91
M,M,2,67339.8,N,17.006667,CC,81.72,2,2311.41
M,M,1,75799.9,N,46.38,CC,94.06,3,1039.17
F,S,2,15688.5,N,53.06,CC,22.42,4,219.43
F,S,0,43382.3,N,16.073333,CH,138.37,2,4198.9
F,S,0,5185.31,N,62.053333,CC,52.9,2,429.58
F,S,0,41000,N,16.06,CC,134.45,4,4681.33
F,S,0,32098,N,22.433333,CH,106.53,2,2622.01
F,M,2,80087.7,N,41.92,CC,31.56,4,366.82
F,M,2,59691.3,N,38.04,CC,278.65,2,4310.01
F,S,2,11251.1,Y,61,CC,141.91,2,1123.16
M,M,0,70908.7,N,49.62,CC,55.47,4,669.87
M,S,0,94928.3,N,40.18,CH,93.78,4,1366.39
F,M,2,50622.3,N,40.46,Auto,112.72,2,1451.06
M,M,0,78000,Y,52.266667,CC,39.32,3,378.23
M,M,0,100020,Y,52.266667,CH,92.37,4,967.23
F,M,1,56722.8,N,60.593333,CC,74.77,2,631.14
M,M,1,80000,N,53.213333,CC,3.22,3,32.38
F,S,2,3416.62,Y,22.76,CC,123.7,4,2736.02
F,M,0,73400,Y,55.633333,Auto,10.39,2,105.28
M,M,0,120000,Y,53.213333,CC,40.9,4,448.17
F,M,2,8032.16,N,45.666667,CC,88.77,2,1072.04
F,S,1,93454.3,Y,48.533333,Auto,44.13,4,440.67
M,M,0,5745,Y,15.38,CC,44.11,1,1389.56
F,S,0,83287,N,77,Auto,215.96,4,1504.05
F,S,0,92564.1,Y,49.133333,Auto,74.86,3,759.71
M,S,0,86448.2,Y,38.133333,CC,90.25,2,1161.33
F,M,2,48322.5,Y,49.333333,CC,50.29,1,609.74
F,M,2,81913.8,Y,49.66,CC,53.03,1,627.71
F,S,0,919.93,N,38.26,CH,120.71,3,1518.9
F,M,2,69486.8,N,30.946667,CC,17.11,1,308.97
F,M,2,24482.8,N,33.533333,CH,2,4,31.33
F,M,0,14573.6,N,64.606667,CC,263.58,4,2198.24
F,M,2,92103.8,N,52.153333,CC,14.86,3,137.49
F,S,2,8392.14,Y,36.68,CH,87.16,3,1336.01
F,S,0,17138.2,N,63.786667,CC,104.69,3,967.03
F,M,2,47010.1,N,57.406667,CC,167.31,1,1516.33
F,S,1,67239.4,N,44.433333,Auto,66.7,2,860.39
M,M,1,69406.7,Y,30,CC,142.23,2,2306.93
F,M,2,83259.3,N,50.88,CC,4.46,4,42.38
M,S,2,60095.2,Y,23.313333,Auto,117.85,2,2533.21
F,M,2,2185.6,N,52.513333,CH,28.07,1,263.29
M,M,1,76511.3,N,62.08,CC,42.52,2,374.96
F,M,1,6946.07,N,23,CH,34.61,2,835.23
F,M,2,11234.7,Y,49.046667,CC,113.42,3,1164.15
F,M,2,36660.9,Y,39.96,CH,3.36,1,41.86
F,M,2,68462.8,N,34.4,CC,90.84,2,1457.11
F,M,2,72841.3,N,47.02,CC,82.53,1,871.46
F,M,2,63670.8,Y,46.146667,Auto,78.87,2,985.78
M,S,0,83287,N,45.486667,CC,70.7,2,755.63
F,S,1,66000,Y,45.486667,Auto,120.53,1,1401.26
M,M,0,12387.6,N,56.173333,Auto,93.85,2,954.04
F,M,1,82931.3,N,64.64,Auto,137.25,2,1191.94
F,M,2,57483.9,N,44.026667,CH,44.3,2,543.57
F,S,2,21274,N,45.526667,Auto,43.31,2,524.69
F,M,2,28267,N,30.093333,CC,214.41,2,3605.14
F,M,2,36725.1,N,55.793333,CH,94.88,2,918.59
M,S,1,94188.3,N,57.546667,CC,41.51,2,359.82
F,M,2,91861,Y,41.98,CC,22.06,3,266.41
F,S,1,12374.9,Y,33.493333,Auto,123.59,3,1789.59
F,M,2,69133.9,Y,26.833333,CH,46.32,2,937.03
F,M,2,84948,Y,29.446667,CH,23.73,3,444.56
F,M,2,30998.8,N,40.96,Auto,52.91,2,731.01
M,S,0,15924.2,N,14.46,CH,1.46,2,51.54
M,M,2,21416.5,N,35.653333,CC,27.61,1,381.32
M,M,2,78554.2,N,16.7,Auto,35.88,3,1273.93
M,S,1,3960.5,N,14.693333,Auto,96.13,2,3659.42
M,M,0,60101.1,Y,63.766667,CH,157.96,4,1214.45
F,M,2,38215.9,N,30.886667,Auto,0.97,2,18.07
F,M,1,13829.4,N,22,CC,176.61,1,4055.42
F,M,2,49745.3,N,47.966667,CH,27.28,3,314.49
F,M,2,88427,N,13.86,CC,69.97,3,2665.39
F,M,2,98003.7,Y,26.273333,CC,84.42,1,1900.43
M,S,0,89142.7,N,33,CC,16.91,2,271.78
F,S,0,74530.8,N,63.086667,Auto,127.89,2,1034.03
F,S,0,35000,N,23,CC,265.78,3,5748.44
F,M,2,76289.2,N,48.206667,CC,104.63,2,1210.87
M,M,1,66931.9,N,63.933333,CC,17.46,4,146.24
F,D,1,9309.57,Y,24,CC,108.3,2,2404.07
F,M,1,14085.5,N,23,Auto,48.08,1,1150.81
F,S,0,32962.6,N,19,CC,168.28,2,4267.65
F,S,0,40000,N,20,CC,65.79,2,1939.46
F,S,2,33330,N,21,Auto,41.78,3,1160.57
F,S,1,32098,N,22,Auto,23.52,1,549.32
F,S,2,30090,N,24,CC,62.95,1,1573.18
F,S,1,40120,N,24,CC,134.75,4,3337.57
F,M,2,90271.6,N,44.926667,CC,110.4,4,1309.06
F,M,2,64816.6,Y,31.126667,CC,27.87,2,457.42
F,M,2,98217.1,N,44.98,CC,42.74,1,515.98
F,S,1,2929.13,N,53.506667,CH,102.23,1,1016.15
F,M,2,41876.6,Y,44.093333,CC,139.44,3,1888.49
M,M,0,96223.4,Y,64.76,CC,18.18,1,152.87
F,S,0,15989.3,N,61.693333,CC,29.17,4,231.97
M,M,0,69168.4,Y,62.426667,CC,234.91,2,2038.4
M,M,1,92148.5,Y,33,CC,113.68,2,1761.72
M,M,0,96681,Y,19.76,CC,73.76,2,1829.54
M,S,0,62705.9,Y,32,CC,33.44,2,583.89
M,S,0,80221.2,N,29.026667,Auto,50.48,2,866.57
M,S,0,84479.2,N,30,CC,56.23,2,1063.99
F,M,2,64977.4,N,38.193333,CC,45.77,2,671.88
F,M,0,77994,N,50.553333,CH,102.02,1,1193.79
M,M,2,90103.7,N,34.946667,CC,66.45,3,1027.1
F,M,0,59008.4,Y,30.18,CC,31.59,1,533.49
M,M,2,5265.35,N,52.873333,Auto,31.1,3,300.72
M,S,1,84978.1,N,21.64,CH,88.79,1,2449.25
F,M,2,36647.9,N,49.986667,CC,107.38,3,1089.34
F,S,0,64319.2,N,41.226667,CH,40.16,1,537.69
F,S,1,73338,N,48.246667,Auto,29.93,3,356.95
F,S,0,433.74,N,60.746667,CC,44.22,1,403.63
F,M,2,16962.2,N,45.36,CC,27.57,2,353.28
M,M,2,10708.3,N,26.026667,CH,142.95,3,3164.71
F,M,0,2031.61,N,20.3,CC,109.04,2,2808.65
F,S,2,16938.5,N,55,CH,22.11,2,212.51
F,M,0,55221,N,42,CC,15.69,3,211.51
F,M,1,8073.11,N,43,Auto,89.05,2,1205.72
M,M,1,95448.6,Y,53.68,CH,29.46,3,320.48
M,S,1,24141.5,Y,17.006667,CC,125.87,4,4194.13
M,S,2,63152.6,Y,63.173333,CC,70.01,1,566.66
M,S,2,72084.7,N,55.64,CC,38.13,1,393.31
F,S,0,42760.5,N,46,CC,53.7,3,597.35
F,S,1,49072,N,47,Auto,34.25,2,405.22
F,M,0,27371.8,Y,48,CC,142.7,4,1600.8
M,M,1,71472.9,N,41.913333,CH,130.22,3,1564.84
F,M,0,95405.7,N,42,CC,13.96,4,190.42
F,S,0,95786.8,Y,43,CC,108.79,4,1451.18
M,S,0,90321.6,N,30,Auto,12.39,2,239.48
M,S,0,90478.6,N,54.553333,CC,154.49,2,1473.94
F,M,2,56187,N,42,CH,21.83,2,286.75
F,S,1,37000,N,24.393333,CC,229.64,2,4937.35
M,M,2,29616,N,49.426667,CH,75.29,1,751.97
M,M,0,19732.8,N,50.673333,CC,47.25,2,496.3
M,S,2,96.33,N,56.473333,CC,59.01,4,524.34
F,M,2,52004.8,N,25.14,CH,28.14,1,563.13
M,M,2,53010.8,N,18.84,CC,58.87,1,1745.28
M,M,0,75004.5,N,64.8,CC,58.72,2,461.05
M,M,0,19749.3,N,60.366667,CC,34.17,1,303.41
M,S,1,57626.9,Y,43.906667,CC,48.35,3,568.2
M,M,2,20078,N,32.846667,CC,15.98,4,264.39
F,M,2,47902,N,26.033333,Auto,72.31,4,1586.57
M,M,1,7545.96,Y,16.753333,CC,200.75,3,6194.73
F,S,0,78851.3,N,48.373333,CC,29.04,4,303.79
F,S,1,17540.7,Y,62.786667,Auto,36.2,1,288.93
F,M,0,83891.9,Y,61.02,CH,74.4,4,591.7
F,M,2,28220.8,N,38.766667,CC,38.95,4,533.23
F,S,0,28589.1,N,15.6,CC,100.28,4,3605.62
F,M,2,5237.63,N,48.753333,CC,78.02,1,898.75
M,S,2,89459.9,N,53.28,CC,36.05,3,353.85
F,S,1,13576.5,N,39.426667,CC,40.49,4,496.61
F,S,0,81710.9,N,58.54,CC,36.42,4,312
F,M,2,67388,N,53.12,CC,96.33,3,1024.82
F,M,1,57063,Y,52.333333,CH,98.1,4,1110.97
F,M,2,84166.1,N,54.013333,CC,15.02,1,152.48
F,S,1,7737.94,N,42.666667,CC,61.9,2,763.55
M,S,2,100020,N,48,CH,314.62,4,3832.47
F,M,2,45287.6,Y,29.026667,CC,2.97,3,49.81
F,M,2,59613.1,N,34.32,CC,175.78,2,3002.89
F,S,1,16326.7,N,50.613333,CC,1.34,2,13.63
F,S,2,9559.78,N,51.38,CC,77.91,3,783.35
F,M,2,42031.8,N,50.753333,CH,59.78,3,664.43
F,M,2,83284.1,Y,28.42,Auto,35.96,3,681.38
M,M,1,39229.1,N,26.26,CC,47.1,4,938.46
F,D,1,68427.4,N,42.393333,Auto,73.81,4,870.38
M,S,0,3601.71,N,49.266667,Auto,125.6,1,1470.19
F,S,0,98716.3,N,55.66,CC,43.13,4,387
F,S,2,66182.7,Y,62.48,Auto,58.87,2,525.07
F,S,2,84789.3,N,50.433333,CH,33.47,4,352.37
F,M,2,35976.5,Y,48.853333,Auto,50.63,4,588.4
F,M,0,32703.1,Y,64.92,CC,72.89,4,655.42
F,M,2,8204.72,N,52.973333,CH,39.79,4,424.66
M,M,1,97180.4,N,50.6,CH,63.51,4,703.14
F,S,2,38280,N,33.74,Auto,86.61,4,1315.54
M,S,0,64136.6,Y,61.106667,CC,142.37,2,1253.85
F,M,2,45429.7,Y,61.713333,CH,97.74,3,763.55
F,S,0,25285.5,N,53.986667,CC,21.3,4,227.85
F,M,2,77551.1,Y,33.6,CC,62.42,3,1050.78
F,M,0,38538.4,N,12.326667,CC,47.66,3,2188.48
F,S,0,69350.5,Y,57.42,CC,27.86,4,238.35
M,S,2,43634.5,N,21.78,CC,143.5,4,3447.95
F,S,1,13109.1,N,62.606667,Auto,62.87,4,503.82
M,S,1,92647.5,N,56.046667,CC,32.13,4,286.31
M,S,2,21021.6,Y,62.753333,CC,14.95,2,126.14
M,S,0,74460.7,Y,55.34,CC,206.46,3,2085.3
F,S,2,28787.4,N,41.666667,Auto,86.06,3,1221.78
M,M,1,13091.6,N,59.126667,CC,43.06,3,432.27
F,M,2,62061.8,Y,45.92,Auto,82.08,4,913.91
F,M,1,20550.9,Y,22.12,CC,85.64,4,2098.02
M,M,2,1765.41,N,18.766667,CC,47.99,1,1248.93
F,S,2,19131.1,N,56.186667,Auto,57.07,1,589.41
M,M,2,42750.3,Y,50.493333,Auto,134.97,2,1340.72
F,S,2,2842.55,N,45.92,Auto,0.79,4,9.46
M,M,2,22358.1,N,52.626667,CC,29.25,3,308.31
M,M,0,47870.8,Y,27.26,CC,13.82,2,261.68
F,S,2,6440.46,Y,41,CH,49.86,2,584.95
F,S,0,7325.5,N,36.92,CC,190.06,2,2542.5
M,M,2,28766.9,N,46.84,CC,64.2,4,797.6
M,M,1,5252.29,N,16.333333,Auto,19.73,2,608
M,M,2,91272.2,Y,25.033333,CC,40,3,895.56
M,S,0,69000,Y,52.266667,CC,137,4,1443.4
M,M,2,1406.05,Y,19.306667,CC,26.72,3,775.69
F,S,0,73228.3,N,43,Auto,50.58,2,646.15
F,S,2,76231.9,N,63.806667,Auto,152.76,4,1235
M,M,1,64792.3,N,52.146667,CH,51.41,1,545.19
F,S,0,93322.1,Y,40.313333,CH,38.72,1,533.01
M,M,1,63437.3,N,63.653333,CC,14.98,3,134.26
M,M,2,49910.7,Y,51.52,CC,51.14,1,518.56
M,M,0,76161.4,Y,44.573333,CC,37.55,3,483.88
F,M,2,55860,Y,14.573333,CC,26.37,4,931.02
F,S,1,12686,N,64.8,Auto,103.88,1,828.18
M,M,2,57360.8,Y,53.253333,CC,67.61,2,634.44
M,M,1,92414.7,Y,45.513333,CC,40.06,4,507.09
M,M,1,60102.7,N,42.14,CH,72.29,4,999.02
F,M,2,17888.7,N,43,CC,361.88,4,4607.98
F,S,1,12526.3,N,53.553333,CC,40.59,1,428.63
F,S,2,14578.8,Y,60.933333,Auto,107.02,1,893.49
M,M,0,78572.2,Y,42.346667,CC,51.09,3,712.03
M,M,1,3933.74,N,17.86,CC,57.67,2,1742.94
F,M,2,48238.8,N,34.706667,CC,191.32,1,2721.73
F,M,0,28770.9,N,12.34,CH,49.6,3,2185.01
F,M,2,87578.2,Y,53.366667,CC,22.44,2,231.24
F,M,2,86695.4,N,13.906667,CC,58.03,2,2216.74
F,S,2,76791.2,N,47,CC,43.71,1,489.43
F,S,0,30763.8,Y,14.193333,CC,57.17,4,2378.57
F,M,2,3193.6,N,54.046667,CH,118.82,3,1209.94
F,M,0,83287,N,56.193333,Auto,119.82,4,1228.42
M,S,1,2056.06,Y,18.94,Auto,58.8,4,1614.55
F,M,2,7776.6,N,35.706667,CC,94.2,3,1432.28
M,M,1,2067.82,N,47.853333,CC,85.9,2,1071.62
M,S,0,77000,N,63.353333,CC,20.74,3,169.96
F,M,2,69343.3,N,42.166667,CC,21.91,2,260.31
F,M,0,83287,N,44,Auto,24.46,2,282.62
F,M,0,14932.5,N,46,CC,11.42,2,141.5
F,S,0,27498.1,N,52.646667,CC,12.08,4,120.42
F,M,2,21419.9,N,59.833333,CC,129.51,1,1130.16
F,M,2,30665.2,Y,22.88,Auto,77.44,4,1744.93
F,M,1,70000,Y,67,Auto,37.04,2,296.84
F,M,2,50561.3,N,46,CH,129.91,2,1535.29
F,S,2,23464,Y,61,CC,64.14,3,535.01
F,M,2,194.57,N,47,CC,67.21,2,747.11
F,M,1,98680.4,Y,46,CH,26.44,4,306.13
M,M,0,65619.7,Y,52.646667,CC,158.22,2,1776.44
F,M,1,95620.3,Y,47,CC,104.53,4,1303.89
F,S,0,85275,N,62,Auto,174.09,1,1389.85
F,M,1,66921.4,Y,46,CC,24.67,1,278.25
F,M,1,98453.6,Y,70,Auto,25.38,4,189.83
F,M,2,94026.8,Y,27.746667,CC,35.63,2,623.52
F,S,2,57420,Y,55,Auto,277.72,4,2823.47
M,M,0,66666,N,45.486667,CC,34.35,1,435.74
M,M,2,47639.1,N,41,CC,57.11,4,703.36
F,M,2,63234.5,Y,52.36,CH,1.16,4,11.17
F,M,2,18296.4,Y,42.626667,CC,10.47,4,146.53
F,S,0,39461,N,22.226667,CC,126.68,1,2855.3
F,S,1,70000,N,56.193333,Auto,86.12,1,821.85
M,M,1,47371,Y,54.96,CC,270.97,4,2592.12
F,M,2,52957,Y,39.746667,CH,151.32,4,2093.39
F,S,2,86747.1,N,64.853333,Auto,57.4,4,468.83
F,M,1,87404.6,N,63.186667,Auto,160.84,2,1257.59
F,M,2,85394,Y,20.16,Auto,35.69,2,1020.97
F,S,0,2121.36,N,39.786667,CC,38.8,3,527.86
F,M,2,63566.1,Y,56.3,CH,73.03,4,702.13
F,S,0,89813.6,N,12.846667,CC,166.18,4,7129.96
F,M,2,82644.2,Y,33.493333,CC,41.85,2,606.32
F,S,1,27783.6,N,14.04,CC,29.58,2,1062.17
F,M,2,60485.5,N,41.666667,Auto,40.41,3,501.79
F,M,2,809.43,Y,31.913333,CH,2.89,4,48.33
M,S,1,76529.8,N,58.28,CC,43.89,4,374.6
F,M,2,34577.7,N,63.253333,CH,145.75,4,1347.08
F,M,0,66666,N,67,Auto,73.02,1,614.35
F,S,2,19008.4,Y,52.166667,CC,147.74,4,1504.78
F,M,0,98056.3,N,55.966667,Auto,150.67,1,1296.01
M,M,0,80000,Y,53.213333,CH,2.21,1,23.17
M,M,0,78894.2,N,52.74,CH,46.65,3,484.62
M,S,1,16432.1,Y,20.92,CH,109.78,4,3067.66
M,S,1,62797.9,N,32,CH,68.09,2,1187.1
M,S,1,71329.9,Y,42.233333,CC,63.75,3,806.46
F,S,0,20913.6,N,53.013333,CC,95.93,1,896.03
F,S,1,540.4,Y,39.213333,Auto,20.1,3,248.2
M,M,2,67339.8,N,17.006667,CC,81.72,3,2828.32
M,M,1,75799.9,N,46.38,CC,94.06,2,1082.36
F,S,2,15688.5,N,53.06,CC,22.42,3,216.16
F,S,0,43382.3,N,16.073333,CH,138.37,3,4344.23
F,S,0,5185.31,N,62.053333,CC,52.9,4,436.02
F,D,1,13011.4,N,16.06,CC,134.45,3,4651.09
F,S,0,35000,N,22.433333,CH,106.53,4,2284.84
F,M,2,80087.7,N,41.92,CC,31.56,3,444.51
F,M,2,59691.3,N,38.04,CC,278.65,1,4184.3
F,S,2,11251.1,Y,52,CC,141.91,4,1428.1
M,M,1,70908.7,N,49.62,CC,55.47,1,566.48
M,S,0,94928.3,N,40.18,CC,93.78,1,1305.73
F,M,2,50622.3,N,40.46,Auto,112.72,3,1436.21
M,M,0,100020,Y,52.266667,CC,39.32,4,426.09
M,M,0,65000,Y,52.266667,CH,92.37,1,962.89
F,S,2,93559.1,N,57.62,CC,31.42,4,269.61
F,M,1,56722.8,N,60.593333,CC,74.77,4,606.19
M,M,1,120000,N,53.213333,CC,3.22,1,29.96
F,S,2,3416.62,Y,22.76,CC,123.7,1,3013.16
F,M,0,78000,Y,55.633333,Auto,10.39,3,108.95
M,M,0,73400,Y,53.213333,CC,40.9,2,428.83
F,M,2,8032.16,N,45.666667,CC,88.77,3,980.02
F,D,1,93454.3,Y,48.533333,Auto,44.13,2,457.47
M,M,0,5745,Y,15.38,CC,44.11,1,1652.08
F,S,0,77000,N,58.56,Auto,215.96,2,2190.27
F,S,0,92564.1,Y,49.133333,Auto,74.86,3,905.74
M,S,0,68000,Y,49,CH,90.25,3,901.52
F,M,2,48322.5,Y,49.333333,CC,50.29,2,526.75
M,S,2,78373.5,N,35.346667,Auto,199.91,2,3146.32
F,M,2,81913.8,Y,49.66,CC,53.03,3,627.9
F,S,0,919.93,N,38.26,CH,120.71,4,1851.59
F,M,2,69486.8,N,30.946667,CC,17.11,3,281.88
F,M,2,24482.8,N,33.533333,CH,2,4,29.7
F,M,0,14573.6,N,64.606667,CC,263.58,4,2229.69
F,M,2,92103.8,N,52.153333,CC,14.86,4,148.95
F,S,2,8392.14,Y,36.68,CH,87.16,1,1215.64
F,S,0,17138.2,N,63.786667,CC,104.69,2,794.1
F,M,2,47010.1,N,57.406667,CC,167.31,2,1654.53
F,S,0,67239.4,N,44.433333,Auto,66.7,1,780.65
M,M,1,69406.7,Y,38,CC,142.23,2,2033.67
F,M,2,83259.3,N,50.88,CC,4.46,1,47.03
M,M,1,20818.5,N,12.68,Auto,63.28,2,2859.03
F,M,2,2185.6,N,52.513333,CH,28.07,1,286.37
M,M,1,76511.3,N,62.08,CC,42.52,2,341.21
F,M,1,34555,N,23,CH,34.61,4,785.53
F,M,2,11234.7,Y,49.046667,CC,113.42,2,1190.49
F,M,2,36660.9,Y,39.96,CH,3.36,3,46.15
F,M,2,68462.8,N,34.4,CC,90.84,1,1273.95
F,M,2,72841.3,N,47.02,CC,82.53,2,844.4
F,M,2,63670.8,Y,46.146667,Auto,78.87,3,912.67
M,S,0,80000,N,41,CC,70.7,3,1000.6
F,S,1,83287,Y,47,Auto,120.53,3,1245.64
M,M,0,12387.6,N,56.173333,Auto,93.85,2,954.36
F,M,1,82931.3,N,64.64,Auto,137.25,1,1266.31
F,M,2,57483.9,N,44.026667,CH,44.3,3,536.28
F,S,2,21274,N,45.526667,Auto,43.31,4,558.58
F,M,2,28267,N,30.093333,CC,214.41,2,4103.88
F,M,2,36725.1,N,55.793333,CH,94.88,3,999.62
M,S,1,94188.3,N,57.546667,CC,41.51,4,363.01
F,M,2,91861,Y,41.98,CC,22.06,2,297.48
F,S,1,12374.9,Y,33.493333,Auto,123.59,1,1988.22
F,M,2,69133.9,Y,26.833333,CH,46.32,1,1018.97
F,M,2,84948,Y,29.446667,CH,23.73,3,464.46
F,M,2,30998.8,N,40.96,Auto,52.91,3,773.29
M,D,1,21416.5,N,35.653333,CC,27.61,2,412.69
M,S,1,78554.2,N,16.7,Auto,35.88,2,1135.82
M,S,1,3960.5,N,14.693333,Auto,96.13,2,3250.33
M,M,0,60101.1,Y,63.766667,CH,157.96,2,1409.19
F,M,2,38215.9,N,30.886667,Auto,0.97,4,16.11
F,M,1,13829.4,N,20,CC,176.61,1,4820.59
F,M,2,49745.3,N,47.966667,CH,27.28,2,318.53
F,M,2,88427,N,13.86,CC,69.97,2,2779.7
F,M,2,98003.7,Y,26.273333,CC,84.42,3,1719.53
M,S,0,89142.7,N,53.693333,CC,16.91,4,160.23
F,S,0,74530.8,N,63.086667,Auto,127.89,3,1132.69
F,S,0,40120,N,22,CC,265.78,3,6202.05
F,M,2,76289.2,N,48.206667,CC,104.63,3,1130.84
M,M,1,66931.9,N,63.933333,CC,17.46,3,138.02
F,D,0,40120,Y,21,CC,108.3,2,3081.6
F,M,1,40120,N,22,Auto,48.08,4,1187.05
F,S,0,40120,N,24,CC,168.28,3,3366.4
F,S,0,40120,N,24,CC,65.79,2,1429.35
F,S,2,42000,N,23,Auto,41.78,4,1086.25
F,S,0,40120,N,20,Auto,23.52,4,593.01
F,S,2,40120,N,22,CC,62.95,2,1632.21
F,S,1,40120,N,21,CC,134.75,1,3465.64
F,M,2,90271.6,N,44.926667,CC,110.4,1,1239.49
F,M,2,64816.6,Y,31.126667,CC,27.87,4,533.65
F,M,2,98217.1,N,44.98,CC,42.74,4,568.25
F,S,1,2929.13,N,53.506667,CH,102.23,1,1028.56
F,M,2,41876.6,Y,44.093333,CC,139.44,4,1829.09
M,M,0,96223.4,Y,64.76,CC,18.18,3,160.58
F,S,0,15989.3,N,61.693333,CC,29.17,3,236.47
M,M,0,69168.4,Y,62.426667,CC,234.91,3,2051.78
M,M,1,92148.5,Y,38,CC,113.68,2,1445.42
M,M,0,96681,Y,19.76,CC,73.76,2,2215.42
M,S,0,62705.9,Y,39,CC,33.44,2,454.99
M,S,0,80221.2,N,29.026667,Auto,50.48,2,838.27
M,S,0,84479.2,N,28,CC,56.23,2,1038.3
F,M,2,64977.4,N,38.193333,CC,45.77,3,628.24
F,M,0,77994,N,50.553333,CH,102.02,1,1112.46
M,M,2,90103.7,N,34.946667,CC,66.45,4,1092.43
F,M,0,59008.4,Y,30.18,CC,31.59,1,549.37
M,M,2,5265.35,N,52.873333,Auto,31.1,3,310.35
M,S,1,84978.1,N,21.64,CH,88.79,2,2308.65
F,M,2,36647.9,N,49.986667,CC,107.38,4,1217.77
F,S,0,64319.2,N,41.226667,CH,40.16,1,537.16
F,S,1,73338,N,48.246667,Auto,29.93,2,351.47
F,S,0,433.74,N,60.746667,CC,44.22,2,375.22
F,M,2,16962.2,N,45.36,CC,27.57,2,321.22
M,M,2,10708.3,N,26.026667,CH,142.95,1,3241.67
F,M,0,2031.61,N,20.3,CC,109.04,1,2972.35
F,S,2,16938.5,N,52,CH,22.11,3,206.72
F,M,0,55221,N,43,CC,15.69,1,188.71
F,M,1,8073.11,N,46,Auto,89.05,4,1118.7
M,M,0,95448.6,Y,53.68,CH,29.46,4,267.7
M,S,1,24141.5,Y,17.006667,CC,125.87,1,4256.25
M,S,2,63152.6,Y,63.173333,CC,70.01,1,535.49
M,S,1,31952,N,34.266667,CC,4.87,2,74.17
M,S,2,72084.7,N,55.64,CC,38.13,2,331.21
F,S,0,42760.5,N,47,CC,53.7,4,676.46
F,S,1,49072,N,48,Auto,34.25,3,363.81
F,M,0,27371.8,Y,52.646667,CC,142.7,3,1568.71
M,M,1,71472.9,N,41.913333,CH,130.22,1,1668.04
F,M,0,95405.7,N,48,CC,13.96,3,157.91
F,S,0,95786.8,Y,52.646667,CC,108.79,1,1176.51
M,S,0,90321.6,N,55.113333,CC,12.39,3,116.22
M,D,1,90478.6,N,54.553333,CC,154.49,4,1671.3
F,M,2,56187,N,43,CH,21.83,3,259.13
M,M,1,28313.1,N,20.893333,CC,13.63,2,328.97
F,S,1,41000,N,24.393333,CC,229.64,2,5103.11
M,M,2,29616,N,49.426667,CH,75.29,4,759.44
M,M,0,19732.8,N,50.673333,CC,47.25,1,553.94
M,S,2,96.33,N,56.473333,CC,59.01,3,509.47
F,M,2,52004.8,N,25.14,CH,28.14,2,609.43
M,M,2,53010.8,N,18.84,CC,58.87,4,1855.41
M,M,0,75004.5,N,64.8,CC,58.72,1,444.29
M,M,0,19749.3,N,60.366667,CC,34.17,2,285.87
M,S,1,57626.9,Y,43.906667,CC,48.35,1,644.23
M,M,2,20078,N,32.846667,CC,15.98,1,281.63
F,M,2,47902,N,26.033333,Auto,72.31,3,1664.7
M,M,1,7545.96,Y,16.753333,CC,200.75,2,6362.27
F,S,0,78851.3,N,48.373333,CC,29.04,3,349.61
F,S,1,17540.7,Y,62.786667,Auto,36.2,1,282.3
F,M,0,83891.9,Y,61.02,CH,74.4,4,617.36
F,M,2,28220.8,N,38.766667,CC,38.95,4,524.75
F,S,0,28589.1,N,15.6,CC,100.28,1,3389.61
F,M,2,5237.63,N,48.753333,CC,78.02,3,900.91
M,S,2,89459.9,N,53.28,CC,36.05,2,355.98
F,S,1,13576.5,N,39.426667,CC,40.49,4,504.14
F,S,0,81710.9,N,58.54,CC,36.42,4,330.06
F,M,2,67388,N,53.12,CC,96.33,4,974.16
F,M,1,57063,Y,52.333333,CH,98.1,4,1106.22
F,M,2,84166.1,N,54.013333,CC,15.02,1,135.97
F,S,0,45612.9,N,14.3,CC,323.82,4,13364.72
F,S,1,7737.94,N,42.666667,CC,61.9,4,776.93
M,S,2,120000,N,42,CH,314.62,2,3763.45
F,M,2,45287.6,Y,29.026667,CC,2.97,2,60.1
F,M,2,59613.1,N,34.32,CC,175.78,4,2515.55
F,S,1,16326.7,N,50.613333,CC,1.34,2,15.47
F,S,2,9559.78,N,51.38,CC,77.91,2,780.39
F,M,2,42031.8,N,50.753333,CH,59.78,4,652.2
F,M,2,83284.1,Y,28.42,Auto,35.96,3,723.29
M,M,1,39229.1,N,26.26,CC,47.1,4,913.8
F,D,1,68427.4,N,42.393333,Auto,73.81,1,999.27
M,S,0,3601.71,N,49.266667,Auto,125.6,4,1466.5
F,S,0,98716.3,N,55.66,CC,43.13,4,393.99
F,S,2,66182.7,Y,62.48,Auto,58.87,4,511.23
F,M,2,84789.3,N,50.433333,CH,33.47,4,389.96
F,M,2,35976.5,Y,48.853333,Auto,50.63,4,606.14
F,M,0,32703.1,Y,64.92,CC,72.89,4,649.25
F,M,2,8204.72,N,52.973333,CH,39.79,2,386.57
M,M,1,97180.4,N,50.6,CC,63.51,3,644.35
F,M,0,80405.1,N,60.226667,CC,28.98,4,272.09
F,S,2,38280,N,33.74,Auto,86.61,2,1235.62
M,S,0,64136.6,Y,61.106667,CC,142.37,1,1254.64
F,M,2,45429.7,Y,61.713333,CH,97.74,2,934.25
F,S,0,25285.5,N,53.986667,CC,21.3,3,193.77
F,M,2,77551.1,Y,33.6,CC,62.42,3,944.17
F,M,0,38538.4,N,12.326667,CC,47.66,1,2109.81
M,M,0,92881.8,N,21.38,CC,93.57,2,2421.04
M,S,2,43634.5,N,21.78,CC,143.5,2,3731.48
F,S,1,13109.1,N,62.606667,Auto,62.87,1,587.57
M,S,1,92647.5,N,56.046667,CC,32.13,2,328.35
M,S,2,21021.6,Y,62.753333,CC,14.95,2,126.34
M,S,0,74460.7,Y,55.34,CC,206.46,2,2006.49
F,S,2,28787.4,N,41.666667,Auto,86.06,1,1153.98
M,M,1,13091.6,N,59.126667,CC,43.06,4,361.61
F,M,2,62061.8,Y,45.92,Auto,82.08,1,866.53
F,M,1,20550.9,Y,22.12,CC,85.64,1,2194.7
M,M,2,1765.41,N,18.766667,CC,47.99,4,1394.68
F,S,2,19131.1,N,56.186667,Auto,57.07,2,548.98
M,M,2,42750.3,Y,50.493333,Auto,134.97,2,1365.7
F,S,2,2842.55,N,45.92,Auto,0.79,4,9.75
M,M,2,22358.1,N,52.626667,CC,29.25,3,291.34
M,M,0,47870.8,Y,27.26,CC,13.82,2,299.83
F,S,2,6440.46,Y,43,CH,49.86,2,559.02
F,S,0,7325.5,N,36.92,CC,190.06,3,2684.93
M,M,2,28766.9,N,46.84,CC,64.2,1,739
M,S,0,72928.2,N,38.733333,CC,203.67,2,2809.01
M,M,2,91272.2,Y,25.033333,CC,40,1,928.81
M,S,0,65000,Y,52.266667,Auto,137,1,1363.16
M,M,2,1406.05,Y,19.306667,CC,26.72,1,815.86
F,S,0,73228.3,N,46,Auto,50.58,3,594.33
F,S,2,76231.9,N,63.806667,Auto,152.76,3,1264.67
M,M,1,64792.3,N,52.146667,CH,51.41,1,475.04
F,S,0,93322.1,Y,40.313333,CH,38.72,1,546.31
M,M,1,63437.3,N,63.653333,CC,14.98,4,122.66
M,M,2,49910.7,Y,51.52,CC,51.14,4,577.92
M,M,1,76161.4,Y,44.573333,CC,37.55,3,440.15
F,M,2,55860,Y,14.573333,CC,26.37,1,960.99
F,S,1,12686,N,64.8,Auto,103.88,4,917.13
M,M,2,57360.8,Y,53.253333,CC,67.61,1,647.44
M,M,0,92414.7,Y,45.513333,CC,40.06,1,441.81
M,M,0,60102.7,N,42.14,CH,72.29,3,902.49
F,M,2,17888.7,N,52.646667,CC,361.88,2,3505.48
F,S,1,12526.3,N,53.553333,CC,40.59,3,436.25
F,S,2,14578.8,Y,60.933333,Auto,107.02,1,965.51
M,M,0,78572.2,Y,42.346667,CC,51.09,1,686.58
M,M,1,3933.74,N,17.86,CC,57.67,2,1658.07
F,M,2,48238.8,N,34.706667,CC,191.32,1,3220.35
F,M,0,28770.9,N,12.34,CH,49.6,3,2151.2
F,M,2,87578.2,Y,53.366667,CC,22.44,4,210.7
F,M,2,86695.4,N,13.906667,CC,58.03,1,2421.55
F,S,2,76791.2,N,43,CC,43.71,3,556.16
F,S,1,30763.8,Y,14.193333,CC,57.17,3,1952.38
F,M,2,3193.6,N,54.046667,CH,118.82,3,1238.92
M,M,1,69680.9,N,15.846667,CC,39.8,2,1321.02
F,M,0,77000,N,63.353333,Auto,119.82,4,943.73
M,D,0,2056.06,Y,18.94,Auto,58.8,3,1644.98
F,M,2,7776.6,N,35.706667,CC,94.2,1,1331.52
M,M,1,2067.82,N,47.853333,CC,85.9,4,977.8
M,S,0,78000,N,46,CC,20.74,4,239.11
F,M,2,69343.3,N,42.166667,CC,21.91,1,305.22
F,M,0,83287,N,42,Auto,24.46,3,308.96
F,M,0,14932.5,N,70,CC,11.42,3,91.06
F,S,0,27498.1,N,70,CC,12.08,2,87.7
F,M,2,21419.9,N,59.833333,CC,129.51,4,1040.4
F,M,2,30665.2,Y,22.88,Auto,77.44,3,1715.58
F,M,1,68000,Y,44,Auto,37.04,1,460.09
F,M,2,50561.3,N,62,CH,129.91,3,1163.05
F,S,2,23464,Y,55,CC,64.14,3,591.96
F,M,2,194.57,N,41,CC,67.21,4,818.07
F,M,1,98680.4,Y,62,CH,26.44,1,205.32
M,M,0,65619.7,Y,46,CC,158.22,3,1703.58
F,M,1,95620.3,Y,41,CC,104.53,3,1520.45
F,D,1,85275,N,70,Auto,174.09,3,1431.84
F,M,1,66921.4,Y,61,CC,24.67,3,206.28
F,M,1,98453.6,Y,55,Auto,25.38,2,250.15
F,M,2,94026.8,Y,27.746667,CC,35.63,3,660.17
F,S,2,57420,Y,42,Auto,277.72,3,3738.65
M,M,0,80000,N,56.193333,CC,34.35,1,313.98
M,M,2,47639.1,N,61,CC,57.11,4,489.53
F,M,2,63234.5,Y,52.36,CH,1.16,4,11.81
F,S,2,46945,N,65,CC,49.6,2,455.18
M,M,0,3911.9,N,59,CC,39.36,1,326.76
F,M,0,71816.1,Y,60,CC,51.83,4,507.36
F,M,2,18296.4,Y,42.626667,CC,10.47,1,123.28
F,S,0,39461,N,22.226667,CC,126.68,2,3415.82
F,M,1,71502.5,N,57,CC,0.68,2,6.28
F,S,1,66000,N,52,Auto,86.12,4,964.67
F,M,1,95011.5,N,52,CC,2.83,2,31.79
M,M,1,47371,Y,54.96,CC,270.97,2,2631.46
F,M,2,52957,Y,39.746667,CH,151.32,4,2283.94
F,S,2,86747.1,N,64.853333,Auto,57.4,3,452.75
F,M,0,57942.4,N,50.313333,CH,124.69,3,1207.12
F,M,1,87404.6,N,63.186667,Auto,160.84,4,1291.42
M,S,2,20919,N,55,CC,164.54,1,1493.4
F,M,2,85394,Y,20.16,Auto,35.69,4,872.86
F,S,0,2121.36,N,39.786667,CC,38.8,1,529.91
F,M,2,63566.1,Y,56.3,CH,73.03,3,674.39
F,M,0,52089.6,N,48,CC,23.87,2,250.42
F,S,1,58328.8,N,65,CC,131.25,3,1196.13
F,S,0,89813.6,N,12.846667,CC,166.18,4,7666.24
F,M,2,82644.2,Y,33.493333,CC,41.85,2,680.03
F,S,1,27783.6,N,14.04,CC,29.58,2,1239.12
F,S,1,86252.8,Y,59,CC,45.44,4,387.05
F,M,1,38738.3,N,60,CC,59.73,1,494.28
F,M,2,60485.5,N,41.666667,Auto,40.41,4,549.31
F,M,1,56722.8,N,60.593333,CC,74.77,4,656.31
F,M,0,55000,N,48.373333,CC,29.04,4,331.01
F,M,2,809.43,Y,31.913333,CH,2.89,1,46.23
M,S,1,76529.8,N,58.28,CC,43.89,2,384.74
F,M,2,34577.7,N,63.253333,CH,145.75,2,1347.26
M,M,0,23000,Y,61.02,CH,74.4,4,670.45
F,M,0,77000,N,55,Auto,73.02,1,670.61
F,S,2,19008.4,Y,52.166667,CC,147.74,1,1471.31
F,M,0,98056.3,N,55.966667,Auto,150.67,3,1315.21
M,M,0,73400,Y,53.213333,CH,2.21,1,21.98
F,M,0,53432.2,Y,57,CH,96.04,1,866.13
M,M,0,78894.2,N,52.74,CH,46.65,3,444.87
M,S,1,16432.1,Y,20.92,CH,109.78,3,2935.35
M,M,0,62797.9,N,54.446667,CH,68.09,3,616.53
M,S,1,71329.9,Y,42.233333,CC,63.75,1,733.06
F,S,0,91498.9,N,52,CC,46.88,2,492.39
M,S,0,3601.71,N,49.266667,Auto,125.6,4,1265.27
F,S,1,33084.3,Y,50.313333,CH,125.05,1,1410.68
F,S,0,20913.6,N,53.013333,CC,95.93,1,881.1
M,M,0,62724.5,Y,55,Auto,82.69,4,781.65
F,S,1,49553.9,Y,48,CC,78.54,1,944.87
F,S,1,540.4,Y,39.213333,Auto,20.1,4,260.73
F,M,0,57255.4,N,27,CC,107.41,1,2109.49
F,S,1,71941.5,Y,45,CH,103.21,3,1144.25
F,S,2,72583,Y,22,CH,41.3,2,1021.66
M,M,2,67339.8,N,17.006667,CC,81.72,3,2438.29
F,M,1,88759.5,N,60,CC,143.93,2,1300.83
M,M,1,75799.9,N,46.38,CC,94.06,2,1056.54
F,S,2,15688.5,N,53.06,CC,22.42,1,239.61
F,S,0,43382.3,N,16.073333,CH,138.37,4,4312.87
M,S,0,2805.01,Y,25,CC,38.08,1,908.95
F,S,0,5185.31,N,62.053333,CC,52.9,3,499.78
F,S,0,42000,N,16.06,CC,134.45,2,4117.18
F,S,0,38000,N,22.433333,CH,106.53,2,2441.25
F,M,1,81641.2,Y,19,CC,98.76,2,2604.92
F,M,2,80087.7,N,41.92,CC,31.56,4,397
F,M,2,59691.3,N,38.04,CC,278.65,3,4001.52
F,S,2,11251.1,Y,43,CC,141.91,2,1819.54
M,M,0,70908.7,N,49.62,CC,55.47,1,556.59
M,S,0,94928.3,N,40.18,CC,93.78,1,1218.58
F,M,2,50622.3,N,40.46,Auto,112.72,3,1670.03
M,M,0,78000,Y,50,CH,39.32,2,416.83
M,M,1,78000,Y,52.266667,CH,92.37,2,887.61
F,S,2,93559.1,N,57.62,CC,31.42,4,299.79
F,M,1,56722.8,N,60.593333,CC,74.77,4,700.35
M,M,1,80000,N,39,CC,3.22,2,41
F,S,2,3416.62,Y,22.76,CC,123.7,2,3233.53
F,M,0,73069.1,Y,55.633333,Auto,10.39,4,96.73
M,M,0,80000,Y,53.213333,CC,40.9,4,436.33
F,M,2,8032.16,N,45.666667,CC,88.77,1,1048.83
F,S,0,93454.3,Y,48.533333,Auto,44.13,1,516.97
M,M,0,5745,Y,15.38,CC,44.11,3,1432.54
F,S,0,83287,N,60,Auto,215.96,1,1827.75
F,S,0,92564.1,Y,49.133333,Auto,74.86,1,893.55
M,S,0,70000,Y,48,CH,90.25,3,1087.2
F,M,2,48322.5,Y,49.333333,CC,50.29,2,554.06
M,S,2,78373.5,N,35.346667,Auto,199.91,2,3392.9
F,M,2,81913.8,Y,49.66,CC,53.03,2,623.93
F,S,0,919.93,N,38.26,CH,120.71,2,1780.59
F,M,2,69486.8,N,30.946667,CC,17.11,1,305.22
F,M,2,24482.8,N,33.533333,CH,2,1,33.46
F,M,0,14573.6,N,64.606667,CC,263.58,4,2428.12
F,M,2,92103.8,N,52.153333,CC,14.86,2,164.1
F,S,2,8392.14,Y,36.68,CH,87.16,3,1233.72
F,S,0,17138.2,N,63.786667,CC,104.69,4,894.5
F,M,2,47010.1,N,57.406667,CC,167.31,1,1484.79
F,D,1,67239.4,N,44.433333,Auto,66.7,4,767.48
M,M,1,69406.7,Y,46.826667,CC,142.23,4,1459.84
F,M,2,83259.3,N,50.88,CC,4.46,1,50.85
F,M,2,2185.6,N,52.513333,CH,28.07,3,289.14
M,M,1,76511.3,N,62.08,CC,42.52,3,393.41
F,M,1,35000,N,22,CH,34.61,3,853.03
F,M,2,11234.7,Y,49.046667,CC,113.42,3,1296.98
F,M,2,36660.9,Y,39.96,CH,3.36,3,40.64
F,M,2,68462.8,N,34.4,CC,90.84,4,1345.67
F,M,2,72841.3,N,47.02,CC,82.53,3,1052.04
F,M,2,63670.8,Y,46.146667,Auto,78.87,2,904.25
M,S,0,66666,N,77,CC,70.7,3,464.38
F,S,1,77000,Y,45.486667,Auto,120.53,2,1579.9
M,M,0,12387.6,N,56.173333,Auto,93.85,2,924.74
F,M,1,82931.3,N,64.64,Auto,137.25,2,1051.18
F,M,2,57483.9,N,44.026667,CH,44.3,3,540.14
F,S,2,21274,N,45.526667,Auto,43.31,3,487.4
F,M,2,28267,N,30.093333,CC,214.41,4,3767.92
F,M,2,36725.1,N,55.793333,CH,94.88,3,876.7
M,S,1,94188.3,N,57.546667,CC,41.51,3,355.61
F,M,2,91861,Y,41.98,CC,22.06,2,290.09
F,S,1,12374.9,Y,33.493333,Auto,123.59,1,1897.54
F,M,2,69133.9,Y,26.833333,CH,46.32,4,922.19
F,M,2,84948,Y,29.446667,CH,23.73,2,469.15
F,M,2,30998.8,N,40.96,Auto,52.91,1,739.32
M,M,2,21416.5,N,35.653333,CC,27.61,1,429.41
M,M,2,78554.2,N,16.7,Auto,35.88,4,1194.34
M,S,1,3960.5,N,14.693333,Auto,96.13,4,3864.07
M,M,0,60101.1,Y,63.766667,CH,157.96,4,1330.31
F,M,2,38215.9,N,30.886667,Auto,0.97,2,18.05
F,M,1,40120,N,24,CC,176.61,1,4387.27
F,M,2,49745.3,N,47.966667,CH,27.28,3,286.76
F,M,2,88427,N,13.86,CC,69.97,3,2967.86
F,M,2,98003.7,Y,26.273333,CC,84.42,1,1610.07
M,S,0,89142.7,N,53.693333,CC,16.91,3,163.61
F,S,0,74530.8,N,63.086667,Auto,127.89,2,981.32
F,S,0,40120,N,24,CC,265.78,3,5439.44
F,M,2,76289.2,N,48.206667,CC,104.63,3,1127.8
M,M,1,66931.9,N,63.933333,CC,17.46,3,155.31
F,S,0,40120,Y,23,CC,108.3,4,2401.65
F,M,1,14085.5,N,24,Auto,48.08,3,1044.51
F,S,0,32962.6,N,21,CC,168.28,4,4702.51
F,S,0,42000,N,22,CC,65.79,4,1509.54
F,S,2,43000,N,20,Auto,41.78,1,1055.47
F,D,1,77726.4,N,56.72,Auto,23.52,2,230.25
F,S,2,42000,N,18,CC,62.95,4,1970.54
F,S,1,2800.68,N,45.673333,CC,134.75,1,1625.64
F,M,2,90271.6,N,44.926667,CC,110.4,2,1291.38
F,M,2,64816.6,Y,31.126667,CC,27.87,2,452.63
F,M,2,98217.1,N,44.98,CC,42.74,4,548.76
F,S,1,2929.13,N,53.506667,CH,102.23,3,1115.24
F,M,2,41876.6,Y,44.093333,CC,139.44,4,1574.76
M,M,0,96223.4,Y,64.76,CC,18.18,2,144.95
F,S,0,15989.3,N,61.693333,CC,29.17,3,229.78
M,M,0,69168.4,Y,62.426667,CC,234.91,4,1914.28
M,M,1,92148.5,Y,33,CC,113.68,2,1914.06
M,M,0,96681,Y,19.76,CC,73.76,2,1951.97
M,S,0,62705.9,Y,33,CC,33.44,2,549.6
M,S,0,80221.2,N,29.026667,Auto,50.48,2,1027.72
M,S,0,84479.2,N,32,CC,56.23,2,986.78
F,M,2,64977.4,N,38.193333,CC,45.77,2,692.75
F,M,0,77994,N,50.553333,CH,102.02,1,1177.6
M,M,2,90103.7,N,34.946667,CC,66.45,2,996.14
F,M,0,59008.4,Y,30.18,CC,31.59,1,558.57
M,M,2,5265.35,N,52.873333,Auto,31.1,4,308.74
M,S,1,84978.1,N,21.64,CH,88.79,2,2144.22
F,M,2,36647.9,N,49.986667,CC,107.38,1,1040.08
F,S,0,64319.2,N,41.226667,CH,40.16,1,526.48
F,S,1,73338,N,48.246667,Auto,29.93,2,316.28
F,S,0,433.74,N,60.746667,CC,44.22,1,419.99
F,M,2,16962.2,N,45.36,CC,27.57,2,347.93
M,M,2,10708.3,N,26.026667,CH,142.95,4,2948.41
F,M,0,2031.61,N,20.3,CC,109.04,3,2753.66
F,S,2,16938.5,N,43,CH,22.11,4,287.01
F,M,0,55221,N,47,CC,15.69,3,186.95
F,M,1,8073.11,N,48,Auto,89.05,3,1011.31
M,M,0,95448.6,Y,53.68,CH,29.46,4,329.2
M,S,1,24141.5,Y,17.006667,CC,125.87,1,3991.15
M,S,2,63152.6,Y,63.173333,CC,70.01,2,554.6
M,S,2,72084.7,N,55.64,CC,38.13,2,352.91
F,S,0,42760.5,N,52.646667,CC,53.7,2,583.48
F,S,1,49072,N,62,Auto,34.25,2,287.29
F,M,0,27371.8,Y,41,CC,142.7,4,1670.77
M,M,0,71472.9,N,41.913333,CH,130.22,1,1762.79
F,M,0,95405.7,N,43,CC,13.96,4,189.25
F,S,0,95786.8,Y,46,CC,108.79,4,1267.27
M,S,0,90321.6,N,55.113333,CC,12.39,3,116.27
M,S,0,90478.6,N,54.553333,CH,154.49,2,1688.62
F,M,2,56187,N,55,CH,21.83,1,216.48
F,S,1,42000,N,24.393333,CC,229.64,2,4950.86
M,M,0,9780.66,N,24.546667,CC,21.39,2,500.49
M,M,2,29616,N,49.426667,CH,75.29,1,875.29
M,M,0,19732.8,N,50.673333,CC,47.25,4,551.34
M,S,1,41690.5,Y,14.64,CC,31.45,2,1153.97
M,S,2,96.33,N,56.473333,CC,59.01,4,601.81
F,M,2,52004.8,N,25.14,CH,28.14,2,652.72
M,M,2,53010.8,N,18.84,CC,58.87,1,1700.16
M,M,1,75004.5,N,64.8,CC,58.72,2,497.25
M,M,0,19749.3,N,60.366667,CC,34.17,1,302.71
M,S,1,57626.9,Y,43.906667,CC,48.35,1,610.73
M,D,0,20078,N,32.846667,CC,15.98,2,283.21
F,M,2,47902,N,26.033333,Auto,72.31,2,1596.41
M,M,1,7545.96,Y,16.753333,CC,200.75,2,7057.68
F,S,0,78851.3,N,48.373333,CC,29.04,4,294.71
F,S,1,17540.7,Y,62.786667,Auto,36.2,4,326.29
F,M,0,83891.9,Y,61.02,CH,74.4,4,673.68
F,S,2,28220.8,N,38.766667,CC,38.95,4,520.93
F,S,0,28589.1,N,15.6,CC,100.28,2,3548.85
F,M,2,5237.63,N,48.753333,CC,78.02,3,919.48
M,S,2,89459.9,N,53.28,CC,36.05,2,403.93
F,S,1,13576.5,N,39.426667,CC,40.49,3,528.37
F,M,2,67388,N,53.12,CC,96.33,4,1068.3
F,M,1,57063,Y,52.333333,CH,98.1,4,1113.46
F,M,2,84166.1,N,54.013333,CC,15.02,1,141.96
F,S,0,45612.9,N,14.3,CC,323.82,4,12918.17
F,S,1,7737.94,N,42.666667,CC,61.9,3,828.6
M,S,2,65000,N,45,CH,314.62,1,3674.85
F,M,2,45287.6,Y,29.026667,CC,2.97,3,50.19
F,M,2,59613.1,N,34.32,CC,175.78,1,2738.25
F,S,1,16326.7,N,50.613333,CC,1.34,3,15.58
F,S,2,9559.78,N,51.38,CC,77.91,2,777.67
F,M,2,42031.8,N,50.753333,CH,59.78,3,668.79
F,M,2,83284.1,Y,28.42,Auto,35.96,3,674.45
M,M,1,39229.1,N,26.26,CC,47.1,4,898.79
F,S,0,68427.4,N,42.393333,Auto,73.81,2,987.72
M,S,0,3601.71,N,49.266667,Auto,125.6,4,1484.07
F,S,0,98716.3,N,55.66,CC,43.13,4,439.04
F,S,2,66182.7,Y,62.48,Auto,58.87,2,562.13
F,M,2,84789.3,N,50.433333,CH,33.47,4,363.69
F,M,2,35976.5,Y,48.853333,Auto,50.63,4,573.85
F,M,0,32703.1,Y,64.92,CC,72.89,4,578.36
F,M,2,8204.72,N,52.973333,CH,39.79,1,381.56
M,M,1,97180.4,N,33,Auto,63.51,2,1105.85
F,S,2,38280,N,33.74,Auto,86.61,4,1273.45
M,S,0,64136.6,Y,61.106667,CC,142.37,1,1364.16
F,M,2,45429.7,Y,61.713333,CH,97.74,3,934.23
F,S,0,25285.5,N,53.986667,CC,21.3,2,196.24
F,M,2,77551.1,Y,33.6,CC,62.42,2,910.08
F,M,0,38538.4,N,12.326667,CC,47.66,1,1983.5
M,M,0,92881.8,N,21.38,CC,93.57,2,2266.97
M,S,2,43634.5,N,21.78,CC,143.5,3,3353.61
F,S,1,13109.1,N,62.606667,Auto,62.87,2,588.94
M,S,1,92647.5,N,56.046667,CC,32.13,4,314.93
M,S,2,21021.6,Y,62.753333,CC,14.95,2,137.1
M,S,0,74460.7,Y,55.34,CC,206.46,2,2064.93
F,S,2,28787.4,N,41.666667,Auto,86.06,1,1073.64
M,M,1,13091.6,N,59.126667,CC,43.06,4,434.25
F,M,2,62061.8,Y,45.92,Auto,82.08,2,939.24
F,M,1,20550.9,Y,22.12,CC,85.64,4,2249.55
M,M,2,1765.41,N,18.766667,CC,47.99,3,1459.03
F,S,2,19131.1,N,56.186667,Auto,57.07,4,534.32
M,M,2,42750.3,Y,50.493333,Auto,134.97,1,1458.88
F,S,2,2842.55,N,45.92,Auto,0.79,3,9.93
M,M,2,22358.1,N,52.626667,CC,29.25,1,327.74
M,M,0,47870.8,Y,27.26,CC,13.82,2,248.63
F,S,2,6440.46,Y,70,CH,49.86,4,379.94
F,S,0,7325.5,N,36.92,CC,190.06,2,3043.74
M,M,1,63900.9,N,28.333333,CC,47.4,2,939.62
M,M,2,28766.9,N,46.84,CC,64.2,3,813.6
M,M,1,5252.29,N,16.333333,Auto,19.73,2,597.95
M,M,2,91272.2,Y,25.033333,CC,40,2,873.47
M,S,0,69000,Y,42,CH,137,1,1864.29
M,M,2,1406.05,Y,19.306667,CC,26.72,2,713.66
F,S,0,73228.3,N,61,Auto,50.58,3,436.87
F,S,2,76231.9,N,63.806667,Auto,152.76,3,1164.84
M,M,1,64792.3,N,52.146667,CH,51.41,3,530.72
F,S,0,93322.1,Y,40.313333,CH,38.72,1,491.45
M,M,1,63437.3,N,63.653333,CC,14.98,4,118.05
M,M,2,49910.7,Y,51.52,CC,51.14,4,505.22
M,M,0,76161.4,Y,44.573333,CC,37.55,3,502.41
F,M,2,55860,Y,14.573333,CC,26.37,3,990.13
F,S,1,12686,N,64.8,Auto,103.88,3,926.79
M,M,2,57360.8,Y,53.253333,CC,67.61,3,702.59
M,M,1,92414.7,Y,45.513333,CC,40.06,4,431.58
M,M,0,60102.7,N,42.14,CH,72.29,4,1018.93
F,M,2,17888.7,N,43,CC,361.88,4,4576.98
F,S,1,12526.3,N,53.553333,CC,40.59,2,394.91
F,S,2,14578.8,Y,60.933333,Auto,107.02,2,962.43
M,M,0,78572.2,Y,42.346667,CC,51.09,2,614.05
F,M,2,48238.8,N,34.706667,CC,191.32,1,2671.18
F,M,0,28770.9,N,12.34,CH,49.6,4,2276.86
F,M,2,87578.2,Y,53.366667,CC,22.44,2,207.46
F,M,2,86695.4,N,13.906667,CC,58.03,3,2177.1
F,S,2,76791.2,N,55,CC,43.71,3,466.44
F,S,0,30763.8,Y,14.193333,CC,57.17,2,2106.12
F,M,2,3193.6,N,54.046667,CH,118.82,2,1292.63
M,M,1,69680.9,N,15.846667,CC,39.8,2,1481.71
F,M,0,83287,N,67,Auto,119.82,3,1064.51
M,S,0,2056.06,Y,18.94,Auto,58.8,2,1828.1
F,M,2,7776.6,N,35.706667,CC,94.2,4,1311.52
M,M,1,2067.82,N,47.853333,CC,85.9,3,944.45
M,S,0,68000,N,63.353333,CC,20.74,4,166.85
M,M,0,69343.3,N,42.166667,CC,21.91,4,264.48
F,M,0,14932.5,N,42,CC,11.42,4,160.9
F,S,0,27498.1,N,43,CC,12.08,1,164.03
M,M,2,21419.9,N,59.833333,CC,129.51,1,1157.69
M,M,2,30665.2,Y,22.88,Auto,77.44,4,2018.38
F,M,1,78000,Y,58.56,Auto,37.04,4,316.36
F,M,2,50561.3,N,46,CH,129.91,4,1475.17
F,S,2,23464,Y,52,CC,64.14,1,683.23
F,M,2,194.57,N,70,CC,67.21,2,498.79
F,M,1,98680.4,Y,70,CH,26.44,2,199.99
M,M,0,65619.7,Y,52,CC,158.22,1,1579.44
F,M,1,95620.3,Y,61,CC,104.53,1,969.95
F,S,0,85275,N,42,Auto,174.09,4,2181.33
F,M,1,66921.4,Y,52.646667,CC,24.67,4,270.12
F,M,1,98453.6,Y,62,Auto,25.38,1,202.93
F,M,2,94026.8,Y,27.746667,CC,35.63,4,641.79
F,S,2,57420,Y,43,Auto,277.72,4,3449.99
M,M,0,68000,N,49,CC,34.35,4,392.84
M,M,2,47639.1,N,43,CC,57.11,1,694
F,M,2,63234.5,Y,52.36,CH,1.16,1,12.32
M,M,0,3911.9,N,38.413333,CC,39.36,2,552.11
F,M,2,18296.4,Y,42.626667,CC,10.47,3,142.46
F,S,0,39461,N,22.226667,CC,126.68,1,2845.17
F,M,2,52957,Y,39.746667,CH,151.32,4,1943.77
F,S,2,86747.1,N,64.853333,Auto,57.4,1,508.95
F,M,1,87404.6,N,63.186667,Auto,160.84,4,1302.34
F,M,2,85394,Y,20.16,Auto,35.69,1,1005.87
F,S,0,2121.36,N,39.786667,CC,38.8,4,538.86
F,M,2,63566.1,Y,56.3,CH,73.03,3,661.17
F,S,0,89813.6,N,12.846667,CC,166.18,4,6371.69
F,M,2,82644.2,Y,33.493333,CC,41.85,4,710.34
F,S,1,27783.6,N,14.04,CC,29.58,2,1197.21
F,M,2,60485.5,N,41.666667,Auto,40.41,1,580.17
F,M,2,809.43,Y,31.913333,CH,2.89,3,46.71
M,S,1,76529.8,N,58.28,CC,43.89,1,389.57
F,M,2,34577.7,N,63.253333,CH,145.75,3,1139.04
F,S,2,19008.4,Y,52.166667,CC,147.74,2,1692.89
F,M,0,98056.3,N,55.966667,Auto,150.67,4,1339.85
M,M,0,80000,Y,45,CH,2.21,1,28.94
M,M,0,78894.2,N,34,CH,46.65,2,779.96
M,S,1,16432.1,Y,20.92,CH,109.78,1,3004.24
M,M,1,62797.9,N,54.446667,CH,68.09,1,679.2
M,S,1,71329.9,Y,42.233333,CC,63.75,4,851.82
F,S,0,20913.6,N,53.013333,CC,95.93,3,926.44
F,S,1,540.4,Y,39.213333,Auto,20.1,2,274.37
M,M,2,67339.8,N,17.006667,CC,81.72,2,2406.57
M,M,1,75799.9,N,46.38,CC,94.06,2,1021.04
F,S,2,15688.5,N,53.06,CC,22.42,3,224.89
F,S,0,43382.3,N,16.073333,CH,138.37,2,4908.96
F,S,0,5185.31,N,62.053333,CC,52.9,1,457.36
F,S,1,35089,N,16.06,CC,134.45,2,4376.87
F,S,0,37000,N,22.433333,CH,106.53,4,2650.27
F,M,2,80087.7,N,41.92,CC,31.56,4,422.27
F,M,2,59691.3,N,38.04,CC,278.65,3,4314.48
F,S,2,11251.1,Y,47,CC,141.91,4,1741.71
M,M,1,70908.7,N,49.62,CC,55.47,1,645.44
M,S,0,94928.3,N,40.18,CH,93.78,1,1220.54
F,M,2,50622.3,N,40.46,Auto,112.72,1,1377.62
M,M,0,100020,Y,45.653333,CC,39.32,1,459.93
M,M,0,69000,Y,52.266667,CH,92.37,3,1045.1
M,S,1,37626,N,33.866667,CH,87.12,2,1471.93
F,M,1,56722.8,N,60.593333,CC,74.77,4,611.28
M,M,1,120000,N,64.226667,CC,3.22,3,26.3
F,S,2,3416.62,Y,22.76,CC,123.7,2,2999.13
F,M,0,73069.1,Y,55.633333,Auto,10.39,3,105.41
M,M,1,80000,Y,53.213333,CC,40.9,3,394.17
F,M,2,8032.16,N,45.666667,CC,88.77,1,942.2
F,D,1,93454.3,Y,48.533333,Auto,44.13,4,499.33
M,M,0,5745,Y,15.38,CC,44.11,2,1701.12
F,S,0,92564.1,Y,49.133333,Auto,74.86,3,857.25
F,M,2,48322.5,Y,49.333333,CC,50.29,1,515.85
F,M,2,81913.8,Y,49.66,CC,53.03,3,532.59
F,S,0,919.93,N,38.26,CH,120.71,2,1891.79
F,M,2,69486.8,N,30.946667,CC,17.11,2,329.94
F,M,2,24482.8,N,33.533333,CH,2,3,35.49
F,M,2,92103.8,N,52.153333,CC,14.86,1,145.54
F,S,2,8392.14,Y,36.68,CH,87.16,1,1411.89
F,S,0,17138.2,N,63.786667,CC,104.69,3,799.45
F,M,2,47010.1,N,57.406667,CC,167.31,1,1471.68
F,S,0,67239.4,N,44.433333,Auto,66.7,1,859.97
M,M,1,69406.7,Y,46.826667,CC,142.23,4,1587.32
F,M,2,83259.3,N,50.88,CC,4.46,2,48.59
M,M,1,20818.5,N,12.68,Auto,63.28,2,2800.32
F,M,2,2185.6,N,52.513333,CH,28.07,4,286.43
M,M,1,76511.3,N,62.08,CC,42.52,2,358.77
F,M,1,6946.07,N,20,CH,34.61,1,917.49
F,M,2,11234.7,Y,49.046667,CC,113.42,4,1241.4
F,M,2,36660.9,Y,39.96,CH,3.36,2,44.56
F,M,2,68462.8,N,34.4,CC,90.84,1,1573
F,M,2,72841.3,N,47.02,CC,82.53,1,929.74
M,M,1,63670.8,Y,46.146667,Auto,78.87,1,1007.5
M,M,0,12387.6,N,56.173333,Auto,93.85,2,947.89
F,M,1,82931.3,N,64.64,Auto,137.25,3,1181.88
F,M,2,57483.9,N,44.026667,CH,44.3,2,529.56
F,S,2,21274,N,45.526667,Auto,43.31,2,553.19
F,M,2,28267,N,30.093333,CC,214.41,4,4173.08
F,M,2,36725.1,N,55.793333,CH,94.88,4,854.47
M,S,1,94188.3,N,57.546667,CC,41.51,3,389.23
F,M,2,91861,Y,41.98,CC,22.06,1,271.66
F,S,1,12374.9,Y,33.493333,Auto,123.59,4,1986.06
F,M,2,69133.9,Y,26.833333,CH,46.32,1,1022.7
F,M,2,84948,Y,29.446667,CH,23.73,1,404.16
F,M,2,30998.8,N,40.96,Auto,52.91,3,714.23
M,M,2,21416.5,N,35.653333,CC,27.61,1,416.91
M,S,0,78554.2,N,16.7,Auto,35.88,2,1050.47
M,S,1,3960.5,N,14.693333,Auto,96.13,2,3202.12
M,M,0,60101.1,Y,63.766667,CH,157.96,4,1328.1
F,M,2,38215.9,N,30.886667,Auto,0.97,4,15.37
F,M,1,13829.4,N,19,CC,176.61,2,5193.05
F,M,2,49745.3,N,47.966667,CH,27.28,2,304.66
F,M,2,88427,N,13.86,CC,69.97,3,2423.53
F,M,2,98003.7,Y,26.273333,CC,84.42,4,1840.4
M,S,0,89142.7,N,53.693333,CC,16.91,1,186.71
F,S,0,74530.8,N,63.086667,Auto,127.89,3,1058.55
F,S,0,30000,N,23,CC,265.78,1,6856.98
F,M,2,76289.2,N,48.206667,CC,104.63,3,1084.37
M,M,1,66931.9,N,63.933333,CC,17.46,4,140.59
M,M,2,9309.57,Y,25.44,CC,108.3,3,2484.5
F,M,1,14085.5,N,24,Auto,48.08,2,1130.95
F,S,0,32962.6,N,24,CC,168.28,3,3408.89
F,S,0,35000,N,23,CC,65.79,1,1513.49
F,S,2,39000,N,22,Auto,41.78,1,1134.64
F,S,0,77726.4,N,56.72,Auto,23.52,1,211.59
F,S,2,42000,N,19,CC,62.95,3,1729.51
F,S,1,2800.68,N,45.673333,CC,134.75,2,1551.65
F,M,2,90271.6,N,44.926667,CC,110.4,2,1214.01
F,M,2,64816.6,Y,31.126667,CC,27.87,1,454.55
F,M,2,98217.1,N,44.98,CC,42.74,4,481.65
F,S,1,2929.13,N,53.506667,CH,102.23,4,930.26
F,M,2,41876.6,Y,44.093333,CC,139.44,3,1697.19
M,M,0,96223.4,Y,64.76,CC,18.18,1,156.8
F,S,0,15989.3,N,61.693333,CC,29.17,1,251.37
M,M,0,69168.4,Y,62.426667,CC,234.91,3,2056.14
M,M,1,92148.5,Y,30,CC,113.68,2,1835.6
M,M,0,96681,Y,19.76,CC,73.76,2,2221.16
M,S,0,62705.9,Y,38,CC,33.44,2,468.31
M,S,0,80221.2,N,29.026667,Auto,50.48,2,846.72
M,S,0,84479.2,N,39,CC,56.23,2,772.85
F,M,2,64977.4,N,38.193333,CC,45.77,3,684.92
F,M,0,77994,N,50.553333,CH,102.02,1,1024.12
M,M,2,90103.7,N,34.946667,CC,66.45,2,929.96
F,M,0,59008.4,Y,30.18,CC,31.59,1,557.24
M,S,1,5265.35,N,52.873333,Auto,31.1,2,348.12
M,S,1,84978.1,N,21.64,CH,88.79,1,2321.75
F,M,2,36647.9,N,49.986667,CC,107.38,4,1215.12
F,S,0,64319.2,N,41.226667,CH,40.16,1,522.55
F,S,1,73338,N,48.246667,Auto,29.93,2,333.66
F,S,0,433.74,N,60.746667,CC,44.22,4,400.72
F,M,2,16962.2,N,45.36,CC,27.57,2,348.08
M,M,2,10708.3,N,26.026667,CH,142.95,4,2904.99
F,M,0,2031.61,N,20.3,CC,109.04,4,2918.47
F,S,2,16938.5,N,46,CH,22.11,4,236.86
F,M,0,55221,N,61,CC,15.69,1,145.37
F,M,1,8073.11,N,55,Auto,89.05,4,809.16
M,M,0,95448.6,Y,53.68,CH,29.46,4,320.5
M,S,1,24141.5,Y,17.006667,CC,125.87,2,3990.99
M,S,2,63152.6,Y,63.173333,CC,70.01,2,618.69
M,S,1,31952,N,34.266667,CC,4.87,2,81.26
M,S,2,72084.7,N,55.64,CC,38.13,2,357.27
F,S,0,42760.5,N,52,CC,53.7,1,610.9
F,S,1,49072,N,42,Auto,34.25,2,424.31
F,M,0,27371.8,Y,43,CC,142.7,2,1969.52
M,M,1,71472.9,N,41.913333,CH,130.22,2,1752.12
F,M,0,95405.7,N,55,CC,13.96,1,136.61
F,S,0,95786.8,Y,52,CC,108.79,4,1037.62
M,S,0,90321.6,N,55.113333,CH,12.39,1,115.3
M,D,1,90478.6,N,54.553333,CC,154.49,1,1526.48
F,M,2,56187,N,46,CH,21.83,2,228.59
F,S,1,35089,N,24.393333,CC,229.64,4,5272.88
M,M,0,9780.66,N,24.546667,CC,21.39,2,502.45
M,M,2,53010.8,N,18.84,CC,58.87,2,1738.45
M,M,1,75004.5,N,64.8,CC,58.72,2,446.87
M,M,0,19749.3,N,60.366667,CC,34.17,1,275.41
M,S,1,57626.9,Y,43.906667,CC,48.35,3,609
M,M,2,20078,N,32.846667,CC,15.98,4,256.3
F,M,2,47902,N,26.033333,Auto,72.31,3,1658.51
M,M,1,7545.96,Y,16.753333,CC,200.75,4,6129.86
M,S,2,89459.9,N,53.28,CC,36.05,2,326.49
F,S,1,13576.5,N,39.426667,CC,40.49,3,603.4
F,M,2,42031.8,N,50.753333,CH,59.78,2,584.43
M,S,2,43634.5,N,21.78,CC,143.5,4,3801.48
F,S,1,13109.1,N,62.606667,Auto,62.87,3,599.03
M,S,1,92647.5,N,56.046667,CC,32.13,1,314.13
M,S,2,21021.6,Y,62.753333,CC,14.95,2,129.97
M,S,0,74460.7,Y,55.34,CC,206.46,3,1975.77
F,S,2,28787.4,N,41.666667,Auto,86.06,3,995.64
M,M,1,13091.6,N,59.126667,CC,43.06,1,382.02
F,M,2,62061.8,Y,45.92,Auto,82.08,1,928.23
F,M,1,20550.9,Y,22.12,CC,85.64,3,2003.72
M,M,2,1765.41,N,18.766667,CC,47.99,1,1409.39
F,S,2,19131.1,N,56.186667,Auto,57.07,4,520.43
M,M,0,47870.8,Y,27.26,CC,13.82,2,260.73
F,S,2,6440.46,Y,48,CH,49.86,2,506.66
M,M,2,28766.9,N,46.84,CC,64.2,3,741.58
M,M,1,5252.29,N,16.333333,Auto,19.73,2,704.86
M,M,2,91272.2,Y,25.033333,CC,40,3,772.44
F,S,0,73228.3,N,52.646667,Auto,50.58,2,529.66
M,M,1,64792.3,N,52.146667,CH,51.41,2,527.92
F,S,0,93322.1,Y,40.313333,CH,38.72,1,495.15
M,M,2,49910.7,Y,51.52,CC,51.14,1,585.14
M,M,1,76161.4,Y,44.573333,CC,37.55,3,471.78
F,M,2,55860,Y,14.573333,CC,26.37,4,941.63
M,M,2,57360.8,Y,53.253333,CC,67.61,4,731.82
M,M,0,92414.7,Y,45.513333,CC,40.06,3,426.39
F,S,2,14578.8,Y,60.933333,Auto,107.02,1,982.23
F,M,2,87578.2,Y,53.366667,CC,22.44,2,214.87
F,M,2,86695.4,N,13.906667,CC,58.03,1,2431.66
F,M,0,83287,N,41,Auto,119.82,1,1717.66
M,M,1,2067.82,N,47.853333,CC,85.9,1,964.44
M,M,2,30665.2,Y,22.88,Auto,77.44,1,1841.05
F,M,1,83287,Y,47,Auto,37.04,1,419.55
F,M,1,98680.4,Y,42,CH,26.44,4,332.02
M,M,0,65619.7,Y,46,CC,158.22,2,1726.29
F,M,1,95620.3,Y,43,CC,104.53,1,1205.56
F,S,0,85275,N,47,Auto,174.09,1,1793.39
F,M,1,66921.4,Y,62,CC,24.67,1,215.65
F,M,1,98453.6,Y,41,Auto,25.38,3,353.56
F,S,2,57420,Y,46,Auto,277.72,1,3125.74
M,M,0,66000,N,46,CH,34.35,4,426.69
M,M,2,47639.1,N,48,CC,57.11,1,708.62
F,S,0,39461,N,22.226667,CC,126.68,4,2746.63
M,M,1,47371,Y,54.96,CC,270.97,4,2943.33
M,S,1,16432.1,Y,20.92,CH,109.78,2,3042.38
F,S,1,540.4,Y,39.213333,Auto,20.1,2,274.91
F,M,2,80087.7,N,41.92,CC,31.56,2,441.83
F,M,2,59691.3,N,38.04,CC,278.65,2,3655.95
F,S,2,11251.1,Y,52.646667,CC,141.91,4,1583.52
F,S,2,93559.1,N,57.62,CC,31.42,4,305.74
F,S,2,3416.62,Y,22.76,CC,123.7,2,2775.6
F,S,0,93454.3,Y,48.533333,Auto,44.13,1,487.03
M,M,0,5745,Y,15.38,CC,44.11,2,1646.18
M,S,2,60095.2,Y,23.313333,Auto,117.85,2,2801.32
F,M,1,6946.07,N,20,CH,34.61,3,1036.07
F,M,2,11234.7,Y,49.046667,CC,113.42,1,1222.63
M,M,0,12387.6,N,56.173333,Auto,93.85,2,999.07
F,M,1,82931.3,N,64.64,Auto,137.25,4,1242.95
F,M,2,57483.9,N,44.026667,CH,44.3,3,576.63
F,S,2,21274,N,45.526667,Auto,43.31,1,555.94
F,M,2,28267,N,30.093333,CC,214.41,4,3799.34
F,M,2,36725.1,N,55.793333,CH,94.88,4,919.65
M,S,1,94188.3,N,57.546667,CC,41.51,4,350.96
F,M,2,91861,Y,41.98,CC,22.06,4,312.8
F,S,1,12374.9,Y,33.493333,Auto,123.59,3,1963.73
F,M,2,69133.9,Y,26.833333,CH,46.32,1,1007.54
F,M,2,84948,Y,29.446667,CH,23.73,1,472.38
F,M,2,30998.8,N,40.96,Auto,52.91,1,633.75
M,S,0,15924.2,N,14.46,CH,1.46,2,56.43
M,M,2,21416.5,N,35.653333,CC,27.61,4,407.92
M,M,2,78554.2,N,16.7,Auto,35.88,3,1032.83
F,M,2,38215.9,N,30.886667,Auto,0.97,4,18.12
F,M,1,13829.4,N,21,CC,176.61,1,4873.89
F,M,2,49745.3,N,47.966667,CH,27.28,4,279.6
F,M,2,88427,N,13.86,CC,69.97,3,2576.09
F,M,2,98003.7,Y,26.273333,CC,84.42,4,1808.07
M,S,0,89142.7,N,53.693333,CC,16.91,3,163.46
F,S,0,74530.8,N,63.086667,Auto,127.89,4,1035.54
F,S,0,38000,N,24,CC,265.78,3,6232.23
F,M,2,76289.2,N,48.206667,CC,104.63,4,1076.64
M,M,1,66931.9,N,63.933333,CC,17.46,1,159.46
M,M,2,9309.57,Y,25.44,CC,108.3,1,2057.42
F,M,1,32962.6,N,23,Auto,48.08,1,1039.86
F,S,0,42000,N,24,CC,168.28,4,3446.56
F,S,0,43000,N,21,CC,65.79,3,1609.33
F,S,2,42000,N,22,Auto,41.78,3,1118.36
F,S,0,77726.4,N,56.72,Auto,23.52,2,244.36
F,S,2,37000,N,23,CC,62.95,3,1487.19
F,S,1,2800.68,N,45.673333,CC,134.75,4,1517.61
F,M,2,90271.6,N,44.926667,CC,110.4,3,1230.8
F,M,2,64816.6,Y,31.126667,CC,27.87,4,450.79
F,M,2,98217.1,N,44.98,CC,42.74,3,547.22
F,S,0,15989.3,N,61.693333,CC,29.17,2,251.39
M,M,1,92148.5,Y,28,CC,113.68,2,2362.41
M,M,0,96681,Y,19.76,CC,73.76,2,1813.72
M,S,0,62705.9,Y,33,CC,33.44,2,571.23
M,S,0,80221.2,N,29.026667,Auto,50.48,2,950.14
M,S,0,84479.2,N,33,CC,56.23,2,902.35
M,S,1,84978.1,N,21.64,CH,88.79,1,2118.02
F,M,2,36647.9,N,49.986667,CC,107.38,1,1260.09
F,S,0,64319.2,N,41.226667,CH,40.16,1,519.9
F,S,1,73338,N,48.246667,Auto,29.93,4,346.1
F,S,0,433.74,N,60.746667,CC,44.22,2,365.34
F,M,2,16962.2,N,45.36,CC,27.57,1,309.77
M,M,2,10708.3,N,26.026667,CH,142.95,4,3130.81
F,M,0,2031.61,N,20.3,CC,109.04,2,2757.67
F,S,2,16938.5,N,70,CH,22.11,1,181.41
F,M,0,55221,N,55,CC,15.69,1,148.47
F,M,1,8073.11,N,52,Auto,89.05,2,898.93
M,M,1,95448.6,Y,53.68,CH,29.46,4,326.7
M,S,1,24141.5,Y,17.006667,CC,125.87,1,3968.21
M,S,2,63152.6,Y,63.173333,CC,70.01,3,622.29
M,S,2,72084.7,N,55.64,CC,38.13,3,407.61
F,S,0,42760.5,N,42,CC,53.7,2,757.34
F,S,1,49072,N,43,Auto,34.25,3,405
F,M,0,27371.8,Y,46,CC,142.7,4,1681.18
M,M,0,71472.9,N,41.913333,CH,130.22,3,1669.29
F,M,0,95405.7,N,46,CC,13.96,2,180.97
F,S,0,95786.8,Y,47,CC,108.79,3,1231.05
M,S,0,90321.6,N,55.113333,CH,12.39,4,110.72
M,S,0,90478.6,N,54.553333,CC,154.49,3,1464.95
F,M,2,56187,N,48,CH,21.83,2,260.75
F,S,1,32098,N,24.393333,CC,229.64,1,4963.53
M,M,2,53010.8,N,18.84,CC,58.87,1,1717.05
M,M,1,75004.5,N,64.8,CC,58.72,4,468.16
M,M,0,19749.3,N,60.366667,CC,34.17,4,303.16
M,S,1,57626.9,Y,43.906667,CC,48.35,3,563.86
M,M,2,20078,N,32.846667,CC,15.98,1,271.64
F,M,2,47902,N,26.033333,Auto,72.31,3,1496.95
M,M,1,7545.96,Y,16.753333,CC,200.75,1,6700.09
M,S,2,89459.9,N,53.28,CC,36.05,4,403.73
F,S,1,13576.5,N,39.426667,CC,40.49,1,597.55
F,M,2,42031.8,N,50.753333,CH,59.78,2,579.6
M,S,2,43634.5,N,21.78,CC,143.5,3,3685.04
F,S,1,13109.1,N,62.606667,Auto,62.87,2,492.09
M,S,1,92647.5,N,56.046667,CC,32.13,4,342.98
F,S,2,21021.6,Y,62.753333,CC,14.95,3,130.86
M,S,0,74460.7,Y,55.34,CC,206.46,1,1965.59
F,S,2,28787.4,N,41.666667,Auto,86.06,1,991.54
M,M,1,13091.6,N,59.126667,CC,43.06,4,435.19
F,M,2,62061.8,Y,45.92,Auto,82.08,2,933.65
F,M,1,20550.9,Y,22.12,CC,85.64,1,1982.14
M,M,2,1765.41,N,18.766667,CC,47.99,4,1533.77
F,S,2,19131.1,N,56.186667,Auto,57.07,3,503.92
M,S,2,43634.5,N,21.78,CC,143.5,1,3436.8
F,S,1,13109.1,N,62.606667,Auto,62.87,2,571.86
M,S,1,92647.5,N,56.046667,CC,32.13,1,281.8
F,S,2,21021.6,Y,62.753333,CC,14.95,4,128.24
M,S,0,74460.7,Y,55.34,CC,206.46,3,2007.84
F,S,2,28787.4,N,41.666667,Auto,86.06,4,1112.91
M,M,1,13091.6,N,59.126667,CC,43.06,2,395.97
F,M,2,62061.8,Y,45.92,Auto,82.08,4,910.77
F,M,1,20550.9,Y,22.12,CC,85.64,4,1946.82
M,M,2,1765.41,N,18.766667,CC,47.99,4,1240.14
F,S,2,19131.1,N,56.186667,Auto,57.07,4,580.52
F,S,2,6440.46,Y,41,CH,49.86,4,661.7
M,M,1,63900.9,N,28.333333,CC,47.4,2,934.43
M,M,2,28766.9,N,46.84,CC,64.2,1,779.9
M,S,0,72928.2,N,38.733333,CC,203.67,2,2694.06
M,M,2,91272.2,Y,25.033333,CC,40,2,908.33
F,S,0,73228.3,N,43,Auto,50.58,2,592.7
M,M,1,64792.3,N,52.146667,CH,51.41,4,500.67
F,S,0,93322.1,Y,40.313333,CH,38.72,1,480.83
M,M,2,49910.7,Y,51.52,CC,51.14,3,498.56
M,M,0,76161.4,Y,44.573333,CC,37.55,1,481.11
F,M,2,55860,Y,14.573333,CC,26.37,1,1061.62
M,M,2,57360.8,Y,53.253333,CC,67.61,1,635.43
M,M,0,92414.7,Y,45.513333,CC,40.06,3,522.45
F,S,2,14578.8,Y,60.933333,Auto,107.02,2,880.49
F,M,2,87578.2,Y,53.366667,CC,22.44,3,219.13
F,M,2,86695.4,N,13.906667,CC,58.03,1,2219.55
F,M,0,77000,N,42,Auto,119.82,2,1479.41
M,M,1,2067.82,N,47.853333,CC,85.9,4,978.05
M,M,2,30665.2,Y,22.88,Auto,77.44,1,1970.84
F,M,1,83287,Y,52,Auto,37.04,1,357.46
F,M,1,98680.4,Y,48,CH,26.44,3,273.71
M,M,1,65619.7,Y,52.646667,CC,158.22,2,1739.07
F,M,1,95620.3,Y,52.646667,CC,104.53,3,1140
F,S,0,85275,N,62,Auto,174.09,1,1564.99
F,M,1,66921.4,Y,70,CC,24.67,4,195.58
F,M,1,98453.6,Y,61,Auto,25.38,2,238.3
F,S,2,57420,Y,52,Auto,277.72,3,3076.17
M,M,0,70000,N,55,CH,34.35,1,311.64
M,M,2,47639.1,N,41,CC,57.11,2,740.51
F,S,0,39461,N,22.226667,CC,126.68,1,3197.48
M,M,1,47371,Y,54.96,CC,270.97,4,2852.45
F,S,0,89813.6,N,12.846667,CC,166.18,4,6888.09
M,S,1,16432.1,Y,20.92,CH,109.78,1,2801.18
F,S,1,540.4,Y,39.213333,Auto,20.1,2,275.71
F,M,2,80087.7,N,41.92,CC,31.56,3,435.91
F,M,2,59691.3,N,38.04,CC,278.65,4,3702.65
F,S,2,11251.1,Y,41,CC,141.91,2,1937.58
F,S,2,93559.1,N,57.62,CC,31.42,4,320.25
F,S,2,3416.62,Y,22.76,CC,123.7,3,2834.74
F,D,1,93454.3,Y,48.533333,Auto,44.13,4,459.04
M,M,0,5745,Y,15.38,CC,44.11,1,1716.74
F,M,1,13829.4,N,24,CH,34.61,1,818.42
F,M,2,11234.7,Y,49.046667,CC,113.42,4,1229.13
F,M,1,82931.3,N,64.64,Auto,137.25,1,1076.41
F,M,2,57483.9,N,44.026667,CH,44.3,3,512.87
F,S,2,21274,N,45.526667,Auto,43.31,3,525.96
F,M,2,28267,N,30.093333,CC,214.41,2,4158.6
F,M,2,36725.1,N,55.793333,CH,94.88,2,858.58
M,S,1,94188.3,N,57.546667,CC,41.51,4,408.67
F,M,2,91861,Y,41.98,CC,22.06,3,269.5
F,S,1,12374.9,Y,33.493333,Auto,123.59,3,1841.52
F,M,2,69133.9,Y,26.833333,CH,46.32,4,948.97
F,M,2,84948,Y,29.446667,CH,23.73,1,416.07
F,M,2,30998.8,N,40.96,Auto,52.91,4,640.16
M,M,2,21416.5,N,35.653333,CC,27.61,3,413.15
M,S,0,78554.2,N,16.7,Auto,35.88,2,1152.38
F,M,2,38215.9,N,30.886667,Auto,0.97,2,17.06
F,M,1,30000,N,21,CC,176.61,1,4288.18
F,M,2,49745.3,N,47.966667,CH,27.28,2,276.86
F,M,2,88427,N,13.86,CC,69.97,1,2721.84
F,M,2,98003.7,Y,26.273333,CC,84.42,2,1642.41
M,S,0,89142.7,N,53.693333,CC,16.91,3,153.57
F,S,0,74530.8,N,63.086667,Auto,127.89,4,1190.86
F,S,0,41000,N,22,CC,265.78,1,6820.58
F,M,2,76289.2,N,48.206667,CC,104.63,3,1053.21
M,M,1,66931.9,N,63.933333,CC,17.46,1,131.14
M,S,0,9309.57,Y,25.44,CC,108.3,2,2452.5
F,M,1,32962.6,N,24,Auto,48.08,3,987.94
F,S,0,42000,N,21,CC,168.28,3,4231.67
F,S,0,39000,N,22,CC,65.79,1,1728.8
F,S,2,42000,N,20,Auto,41.78,1,1167.61
F,D,1,77726.4,N,56.72,Auto,23.52,3,238.74
F,S,2,35089,N,18,CC,62.95,3,1920.11
F,S,1,2800.68,N,45.673333,CC,134.75,1,1588.07
F,M,2,90271.6,N,44.926667,CC,110.4,3,1346.7
F,M,2,64816.6,Y,31.126667,CC,27.87,4,529.66
F,M,2,98217.1,N,44.98,CC,42.74,1,510.05
F,S,0,15989.3,N,61.693333,CC,29.17,2,281.55
M,S,1,84978.1,N,21.64,CH,88.79,2,2376.58
F,M,2,36647.9,N,49.986667,CC,107.38,4,1097.45
F,S,0,64319.2,N,41.226667,CH,40.16,1,485.72
F,S,1,73338,N,48.246667,Auto,29.93,1,351.15
F,S,0,433.74,N,60.746667,CC,44.22,3,353.47
F,M,2,16962.2,N,45.36,CC,27.57,2,326.51
M,M,2,10708.3,N,26.026667,CH,142.95,2,2799.68
F,M,0,2031.61,N,20.3,CC,109.04,4,3049.6
F,S,2,16938.5,N,42,CH,22.11,4,270.25
F,M,0,55221,N,46,CC,15.69,4,172.93
F,M,1,8073.11,N,47,Auto,89.05,4,936.28
M,M,0,95448.6,Y,53.68,CH,29.46,3,279.1
M,S,1,24141.5,Y,17.006667,CC,125.87,4,4333.16
M,S,2,63152.6,Y,63.173333,CC,70.01,4,533.49
M,S,2,72084.7,N,55.64,CC,38.13,1,382.14
F,S,0,42760.5,N,48,CC,53.7,4,573.77
F,S,1,49072,N,52.646667,Auto,34.25,2,341.77
F,M,0,27371.8,Y,62,CC,142.7,2,1207.2
M,M,1,71472.9,N,41.913333,CH,130.22,1,1543.5
F,M,0,95405.7,N,62,CC,13.96,3,130.92
F,S,0,95786.8,Y,41,CC,108.79,2,1316.66
M,S,0,90321.6,N,55.113333,CC,12.39,4,122.39
M,S,0,90478.6,N,54.553333,CH,154.49,4,1537.41
F,M,2,56187,N,43,CH,21.83,3,272.61
F,S,1,35000,N,24.393333,CC,229.64,2,4900.12
M,M,0,9780.66,N,24.546667,CC,21.39,2,499.7
M,M,2,53010.8,N,18.84,CC,58.87,3,1647.47
M,M,0,75004.5,N,64.8,CC,58.72,1,456.33
M,M,0,19749.3,N,60.366667,CC,34.17,2,324.43
M,S,1,57626.9,Y,43.906667,CC,48.35,3,545.55
M,S,0,20078,N,32.846667,CC,15.98,2,276.43
F,M,2,47902,N,26.033333,Auto,72.31,2,1529.56
M,M,1,7545.96,Y,16.753333,CC,200.75,2,6381.49
M,S,2,89459.9,N,53.28,CC,36.05,4,379.2
F,S,1,13576.5,N,39.426667,CC,40.49,3,564.43
F,M,2,42031.8,N,50.753333,CH,59.78,1,598.11
M,S,2,43634.5,N,21.78,CC,143.5,3,3686.69
F,S,1,13109.1,N,62.606667,Auto,62.87,3,583.91
M,S,1,92647.5,N,56.046667,CC,32.13,4,322.95
F,S,2,21021.6,Y,62.753333,CC,14.95,3,137.41
M,S,0,74460.7,Y,55.34,CC,206.46,1,1930.14
F,M,1,43894.5,N,40.18,CC,69.67,2,1033.45
F,S,2,28787.4,N,41.666667,Auto,86.06,4,1191.26
F,S,1,94278.7,Y,53.12,CC,36.35,1,354.53
F,M,0,83900.2,N,45.04,CC,36.83,1,477.98
M,M,1,13091.6,N,59.126667,CC,43.06,2,349.59
F,M,0,91708.4,N,37.293333,CH,48.77,3,757.69
F,S,0,64335,Y,19.066667,CC,154.34,1,4714.88
F,M,2,62061.8,Y,45.92,Auto,82.08,4,936.74
F,M,1,20550.9,Y,22.12,CC,85.64,2,2133.51
F,S,0,76142,N,32.02,CC,112.53,2,1762.72
F,M,1,46513.5,N,30.053333,Auto,58.78,2,947.39
M,S,1,1765.41,N,18.766667,CC,47.99,2,1462.6
F,S,2,19131.1,N,56.186667,Auto,57.07,4,497.85
F,S,0,98716.3,N,55.66,CC,43.13,1,389.39
F,S,2,38280,N,33.74,Auto,86.61,2,1522.38
F,S,2,6440.46,Y,46,CH,49.86,1,540.41
M,M,1,63900.9,N,28.333333,CC,47.4,2,998.91
M,M,2,28766.9,N,46.84,CC,64.2,3,741.84
F,M,1,56722.8,N,60.593333,CC,74.77,3,595.27
M,M,1,5252.29,N,16.333333,Auto,19.73,2,712.57
F,M,0,78851.3,N,48.373333,CC,29.04,1,312.58
M,S,0,72928.2,N,38.733333,CC,203.67,2,2642.35
M,M,2,91272.2,Y,25.033333,CC,40,4,828.87
F,M,0,83891.9,Y,61.02,CH,74.4,2,685.22
M,S,0,3601.71,N,49.266667,Auto,125.6,3,1426.57
F,S,0,73228.3,N,70,Auto,50.58,1,422.39
M,M,1,64792.3,N,52.146667,CH,51.41,3,531.87
F,S,0,93322.1,Y,40.313333,CH,38.72,1,464.14
M,M,2,49910.7,Y,51.52,CC,51.14,3,554.07
M,M,1,76161.4,Y,44.573333,CC,37.55,4,473.98
F,M,2,55860,Y,14.573333,CC,26.37,2,1056.03
M,M,2,57360.8,Y,53.253333,CC,67.61,1,614.37
M,M,1,92414.7,Y,45.513333,CC,40.06,3,453.87
F,S,2,14578.8,Y,60.933333,Auto,107.02,1,1004.47
F,M,2,87578.2,Y,53.366667,CC,22.44,2,215.82
F,M,2,86695.4,N,13.906667,CC,58.03,1,2054.57
F,M,0,66666,N,60,Auto,119.82,2,1081.63
M,M,1,2067.82,N,47.853333,CC,85.9,1,1073.61
M,S,0,30665.2,Y,22.88,Auto,77.44,2,1683.83
F,M,1,77000,Y,48,Auto,37.04,2,429.28
F,M,1,98680.4,Y,43,CH,26.44,3,348.02
M,M,0,65619.7,Y,46,CC,158.22,3,1927.91
F,M,1,95620.3,Y,46,CC,104.53,2,1261.78
F,S,0,85275,N,70,Auto,174.09,3,1351.71
F,M,1,66921.4,Y,55,CC,24.67,4,246.22
F,M,1,98453.6,Y,52,Auto,25.38,3,272.64
F,S,2,57420,Y,43,Auto,277.72,3,3430.62
M,M,0,58986.2,N,26.98,CH,34.35,2,721.83
F,M,2,47639.1,N,61,CC,57.11,2,515.84
F,S,0,39461,N,22.226667,CC,126.68,1,3062.06
M,M,1,47371,Y,54.96,CC,270.97,2,2640.88
F,S,0,89813.6,N,12.846667,CC,166.18,4,7018.14
M,S,1,16432.1,Y,20.92,CH,109.78,3,2684.24
F,S,1,540.4,Y,39.213333,Auto,20.1,1,263.98
F,M,2,80087.7,N,41.92,CC,31.56,2,393.63
F,M,2,59691.3,N,38.04,CC,278.65,4,4172.68
F,S,2,11251.1,Y,46,CC,141.91,4,1617.13
M,S,1,37626,N,33.866667,CH,87.12,2,1457.37
F,S,2,3416.62,Y,22.76,CC,123.7,2,2632.76
F,S,0,93454.3,Y,48.533333,Auto,44.13,2,486.22
M,M,0,5745,Y,15.38,CC,44.11,2,1431.56
F,M,1,13829.4,N,20,CH,34.61,4,972.17
F,M,2,11234.7,Y,49.046667,CC,113.42,4,1347.62
F,M,1,82931.3,N,64.64,Auto,137.25,1,1040.63
F,M,2,57483.9,N,44.026667,CH,44.3,1,602.84
F,S,2,21274,N,45.526667,Auto,43.31,4,523.82
F,M,2,28267,N,30.093333,CC,214.41,3,3887.97
F,M,2,36725.1,N,55.793333,CH,94.88,2,959.8
M,S,1,94188.3,N,57.546667,CC,41.51,1,367.75
F,M,2,91861,Y,41.98,CC,22.06,1,284.5
F,S,1,12374.9,Y,33.493333,Auto,123.59,4,2149.18
F,M,2,69133.9,Y,26.833333,CH,46.32,4,840.12
F,M,2,84948,Y,29.446667,CH,23.73,3,418.65
F,M,2,30998.8,N,40.96,Auto,52.91,2,654.64
M,S,0,15924.2,N,14.46,CH,1.46,2,60.44
M,M,2,21416.5,N,35.653333,CC,27.61,3,408.75
M,M,2,78554.2,N,16.7,Auto,35.88,3,1234.02
F,M,2,38215.9,N,30.886667,Auto,0.97,1,18.21
F,M,1,14085.5,N,19,CC,176.61,1,5038.6
F,M,2,49745.3,N,47.966667,CH,27.28,4,315.39
F,M,2,88427,N,13.86,CC,69.97,2,2810.14
F,M,2,98003.7,Y,26.273333,CC,84.42,2,1683.1
M,S,0,89142.7,N,32,CC,16.91,2,296.31
F,S,0,74530.8,N,63.086667,Auto,127.89,3,1035.39
F,S,0,32962.6,N,23,CC,265.78,1,6741.89
F,M,2,76289.2,N,48.206667,CC,104.63,4,1276.06
M,M,1,66931.9,N,63.933333,CC,17.46,3,141.13
M,M,2,9309.57,Y,25.44,CC,108.3,1,2477.47
F,M,1,42000,N,24,Auto,48.08,4,1086.79
F,S,0,43000,N,24,CC,168.28,4,3956.43
F,S,0,42000,N,23,CC,65.79,3,1397
F,S,2,32098,N,22,Auto,41.78,4,1018.42
F,S,0,77726.4,N,56.72,Auto,23.52,3,236.2
F,S,2,35000,N,19,CC,62.95,3,1651.6
F,S,1,2800.68,N,45.673333,CC,134.75,4,1668.46
F,M,2,90271.6,N,44.926667,CC,110.4,4,1382.55
F,M,2,64816.6,Y,31.126667,CC,27.87,4,455.97
F,M,2,98217.1,N,44.98,CC,42.74,2,460.37
F,S,0,15989.3,N,61.693333,CC,29.17,3,227.23
M,S,1,84978.1,N,21.64,CH,88.79,2,2134.37
F,M,2,36647.9,N,49.986667,CC,107.38,1,1035.43
F,S,0,64319.2,N,41.226667,CH,40.16,1,567.83
F,S,1,73338,N,48.246667,Auto,29.93,3,335.07
F,S,0,433.74,N,60.746667,CC,44.22,1,366.56
F,M,2,16962.2,N,45.36,CC,27.57,1,355.53
M,M,2,10708.3,N,26.026667,CH,142.95,1,2937.25
F,M,0,2031.61,N,20.3,CC,109.04,1,2771.96
F,S,2,16938.5,N,46,CH,22.11,3,247.06
F,M,0,55221,N,48,CC,15.69,4,191.92
F,M,1,8073.11,N,52.646667,Auto,89.05,3,829.5
M,M,0,95448.6,Y,53.68,CH,29.46,4,302.23
M,S,1,24141.5,Y,17.006667,CC,125.87,3,4345.01
M,S,2,63152.6,Y,63.173333,CC,70.01,4,619.79
M,S,2,72084.7,N,55.64,CC,38.13,4,349.62
F,S,0,42760.5,N,62,CC,53.7,3,483.54
F,S,1,49072,N,41,Auto,34.25,4,457.71
F,M,0,27371.8,Y,43,CC,142.7,4,1627.1
M,M,1,71472.9,N,41.913333,CH,130.22,3,1565.64
F,M,0,95405.7,N,70,CC,13.96,3,119.15
F,S,0,95786.8,Y,57.553333,CC,108.79,1,1053.82
M,S,0,90321.6,N,55.113333,CC,12.39,3,133.76
M,S,0,90478.6,N,54.553333,CC,154.49,2,1411.2
F,M,2,56187,N,52.646667,CH,21.83,2,241.5
F,S,1,38000,N,24.393333,CC,229.64,3,4960.59
M,M,2,53010.8,N,18.84,CC,58.87,1,1859.45
M,M,0,75004.5,N,64.8,CC,58.72,4,469.16
M,M,0,19749.3,N,60.366667,CC,34.17,2,316.61
M,S,1,57626.9,Y,43.906667,CC,48.35,4,540.87
M,M,2,20078,N,32.846667,CC,15.98,4,236.56
F,M,2,47902,N,26.033333,Auto,72.31,4,1554.75
M,M,1,7545.96,Y,16.753333,CC,200.75,1,6534.25
M,S,2,89459.9,N,53.28,CC,36.05,2,396.8
F,S,1,37000,N,24.393333,CC,229.64,1,4873.8
M,M,0,9780.66,N,24.546667,CC,21.39,2,484.49
M,M,2,53010.8,N,18.84,CC,58.87,2,1765.06
M,M,1,75004.5,N,64.8,CC,58.72,2,450.37
M,M,0,19749.3,N,60.366667,CC,34.17,1,302.99
M,S,1,57626.9,Y,43.906667,CC,48.35,3,557.5
M,M,2,20078,N,32.846667,CC,15.98,1,279.19
F,M,2,47902,N,26.033333,Auto,72.31,4,1625.43
M,M,1,7545.96,Y,16.753333,CC,200.75,1,6515.19
M,S,2,89459.9,N,53.28,CC,36.05,2,374.71
F,S,1,13576.5,N,39.426667,CC,40.49,1,563.79
F,M,2,42031.8,N,50.753333,CH,59.78,3,611.6
F,S,1,97689.2,N,59.073333,CC,14.87,4,133.31
F,S,1,75397.8,Y,57.66,CC,60.32,4,610.27
F,M,1,49453.8,N,55.073333,CC,29.46,4,262.43
M,M,0,92881.8,N,21.38,CC,93.57,2,2235.15
M,S,2,43634.5,N,21.78,CC,143.5,2,3558.28
F,S,0,68641.5,Y,47.98,CC,55.32,4,563.87
F,M,1,50735.1,Y,36.253333,CC,28.38,4,392
F,M,1,52490.1,N,19.193333,CC,29.62,4,837.8
F,S,1,13109.1,N,62.606667,Auto,62.87,3,494.12
M,S,1,92647.5,N,56.046667,CC,32.13,1,291.4
F,S,2,21021.6,Y,62.753333,CC,14.95,4,124.99
M,S,0,74460.7,Y,55.34,CC,206.46,3,1983.75
F,M,1,43894.5,N,40.18,CC,69.67,4,1039.8
F,S,2,28787.4,N,41.666667,Auto,86.06,3,1094.02
F,S,1,94278.7,Y,53.12,CC,36.35,4,363.9
F,M,0,83900.2,N,45.04,CC,36.83,4,399.37
M,M,1,13091.6,N,59.126667,CC,43.06,4,363.29
F,M,0,91708.4,N,37.293333,CH,48.77,4,732.14
F,M,2,62061.8,Y,45.92,Auto,82.08,1,1071.7
F,M,1,20550.9,Y,22.12,CC,85.64,3,2219.52
M,M,2,1765.41,N,18.766667,CC,47.99,4,1349.87
F,S,2,19131.1,N,56.186667,Auto,57.07,1,553.61
F,S,2,6440.46,Y,61,CH,49.86,1,471.17
M,M,2,28766.9,N,46.84,CC,64.2,1,746.08
M,M,2,91272.2,Y,25.033333,CC,40,2,791.63
F,S,0,73228.3,N,55,Auto,50.58,3,507.63
M,M,1,64792.3,N,52.146667,CH,51.41,1,526.06
F,S,0,93322.1,Y,40.313333,CH,38.72,1,569.15
M,M,2,49910.7,Y,51.52,CC,51.14,4,481.8
M,M,0,76161.4,Y,44.573333,CC,37.55,1,494.35
F,M,2,55860,Y,14.573333,CC,26.37,1,919.33
M,M,2,57360.8,Y,53.253333,CC,67.61,3,617.5
M,M,0,92414.7,Y,45.513333,CC,40.06,1,486.66
F,S,2,14578.8,Y,60.933333,Auto,107.02,3,1034.73
F,M,2,87578.2,Y,53.366667,CC,22.44,1,206.92
F,M,2,86695.4,N,13.906667,CC,58.03,2,2251.74
F,M,0,68000,N,45.486667,Auto,119.82,2,1541.88
M,M,1,2067.82,N,47.853333,CC,85.9,3,1075.68
M,M,2,30665.2,Y,22.88,Auto,77.44,4,1960.43
F,M,1,80000,Y,63.353333,Auto,37.04,1,340.55
F,M,1,98680.4,Y,58.706667,CH,26.44,1,248.57
F,M,2,65619.7,Y,55,CC,158.22,4,1482.07
F,M,1,95620.3,Y,49.12,CC,104.53,4,1202.25
F,D,1,85275,N,52,Auto,174.09,3,1773.17
F,M,1,66921.4,Y,42,CC,24.67,2,295.77
F,M,1,98453.6,Y,43,Auto,25.38,4,306.01
F,S,2,57420,Y,47,Auto,277.72,2,2898.67
M,M,0,58986.2,N,26.98,CH,34.35,2,624.24
F,M,2,47639.1,N,42,CC,57.11,3,721.78
F,S,0,39461,N,22.226667,CC,126.68,4,3010.43
M,M,1,47371,Y,54.96,CC,270.97,4,2528.17
F,S,0,89813.6,N,12.846667,CC,166.18,4,6955.73
M,S,1,16432.1,Y,20.92,CH,109.78,4,2914.71
F,S,1,540.4,Y,39.213333,Auto,20.1,4,302.71
F,M,2,80087.7,N,41.92,CC,31.56,1,420.68
F,M,2,59691.3,N,38.04,CC,278.65,3,3643.67
F,S,2,11251.1,Y,61,CC,141.91,4,1129.69
F,S,2,3416.62,Y,22.76,CC,123.7,4,2617.47
F,S,0,93454.3,Y,48.533333,Auto,44.13,4,517.25
M,M,0,5745,Y,15.38,CC,44.11,4,1476.88
F,M,1,30000,N,20,CH,34.61,2,926.92
F,M,2,11234.7,Y,49.046667,CC,113.42,3,1308.23
F,M,1,82931.3,N,64.64,Auto,137.25,3,1108.42
F,M,2,57483.9,N,44.026667,CH,44.3,4,505.55
F,S,2,21274,N,45.526667,Auto,43.31,4,470.41
F,M,2,28267,N,30.093333,CC,214.41,2,4149.81
F,M,2,36725.1,N,55.793333,CH,94.88,4,994.08
M,S,1,94188.3,N,57.546667,CC,41.51,2,388.97
F,M,2,91861,Y,41.98,CC,22.06,2,267.57
F,S,1,12374.9,Y,33.493333,Auto,123.59,3,2134.61
F,M,2,69133.9,Y,26.833333,CH,46.32,2,1033
F,M,2,84948,Y,29.446667,CH,23.73,1,414.78
F,M,2,30998.8,N,40.96,Auto,52.91,3,718.1
M,S,0,15924.2,N,14.46,CH,1.46,2,58.17
M,M,2,21416.5,N,35.653333,CC,27.61,1,429.89
M,M,2,78554.2,N,16.7,Auto,35.88,1,1103.05
F,M,2,38215.9,N,30.886667,Auto,0.97,3,18.25
F,M,1,14085.5,N,21,CC,176.61,1,4176.26
F,M,2,49745.3,N,47.966667,CH,27.28,4,327.77
F,M,2,88427,N,13.86,CC,69.97,4,2927.79
F,M,2,98003.7,Y,26.273333,CC,84.42,4,1916.22
M,S,0,89142.7,N,53.693333,CC,16.91,1,152.78
F,S,0,74530.8,N,63.086667,Auto,127.89,1,977.64
F,S,0,32962.6,N,24,CC,265.78,4,5991.54
F,M,2,76289.2,N,48.206667,CC,104.63,2,1101.13
M,M,1,66931.9,N,63.933333,CC,17.46,3,157.86
M,S,0,9309.57,Y,25.44,CC,108.3,2,2413.15
F,M,1,28000,N,23,Auto,48.08,3,1021.2
F,S,0,38000,N,24,CC,168.28,1,3782.76
F,S,0,32962.6,N,21,CC,65.79,2,1800.85
F,S,2,42000,N,22,Auto,41.78,2,980.34
F,D,1,77726.4,N,56.72,Auto,23.52,4,234.68
F,S,2,43000,N,23,CC,62.95,2,1358.87
F,S,1,2800.68,N,45.673333,CC,134.75,1,1711.04
F,M,2,90271.6,N,44.926667,CC,110.4,2,1295.39
F,M,2,64816.6,Y,31.126667,CC,27.87,1,516.5
F,M,2,98217.1,N,44.98,CC,42.74,4,519.64
F,S,0,15989.3,N,61.693333,CC,29.17,1,256.62
M,S,1,84978.1,N,21.64,CH,88.79,2,2077.5
F,M,2,36647.9,N,49.986667,CC,107.38,4,1193.63
F,S,0,64319.2,N,41.226667,CH,40.16,1,490.04
F,S,1,73338,N,48.246667,Auto,29.93,4,337.28
F,S,0,433.74,N,60.746667,CC,44.22,2,361.45
F,M,2,16962.2,N,45.36,CC,27.57,2,311.36
M,M,2,10708.3,N,26.026667,CH,142.95,3,3137.22
F,M,0,2031.61,N,20.3,CC,109.04,4,3153.57
F,S,2,16938.5,N,48,CH,22.11,1,256.34
F,M,0,55221,N,62,CC,15.69,1,133.73
F,M,1,8073.11,N,41,Auto,89.05,3,1236.52
M,M,0,95448.6,Y,53.68,CH,29.46,1,325.25
M,S,1,24141.5,Y,17.006667,CC,125.87,3,4383.85
M,S,2,63152.6,Y,63.173333,CC,70.01,3,567.41
M,S,2,72084.7,N,55.64,CC,38.13,3,400.49
F,S,0,42760.5,N,43,CC,53.7,3,661.33
F,S,1,49072,N,46,Auto,34.25,1,380.44
F,M,0,27371.8,Y,70,CC,142.7,1,1150.15
M,M,0,71472.9,N,41.913333,CH,130.22,3,1850.81
F,M,0,95405.7,N,46.506667,CC,13.96,4,177.42
F,S,0,95786.8,Y,57.553333,CC,108.79,2,1088.1
M,S,0,90321.6,N,38,Auto,12.39,2,193.84
M,S,1,90478.6,N,54.553333,CC,154.49,2,1657.27
F,M,2,56187,N,43,CH,21.83,1,254.37
F,S,1,41000,N,24.393333,CC,229.64,4,5504.58
M,M,2,53010.8,N,18.84,CC,58.87,1,1801.68
M,M,0,75004.5,N,64.8,CC,58.72,4,496.87
M,M,0,19749.3,N,60.366667,CC,34.17,1,286.63
M,S,1,57626.9,Y,43.906667,CC,48.35,1,594.55
M,D,1,20078,N,32.846667,CC,15.98,2,243.82
F,M,2,47902,N,26.033333,Auto,72.31,4,1397.51
M,M,1,7545.96,Y,16.753333,CC,200.75,3,6630.71
M,S,2,89459.9,N,53.28,CC,36.05,2,359.63
F,S,1,13576.5,N,39.426667,CC,40.49,1,527.93
F,M,2,42031.8,N,50.753333,CH,59.78,3,659.63
M,S,2,43634.5,N,21.78,CC,143.5,1,3197.39
F,S,1,13109.1,N,62.606667,Auto,62.87,4,578.27
M,S,1,92647.5,N,56.046667,CC,32.13,4,334.64
F,S,2,21021.6,Y,62.753333,CC,14.95,4,121.83
M,S,0,74460.7,Y,55.34,CC,206.46,4,2023.61
F,S,2,28787.4,N,41.666667,Auto,86.06,2,1095.55
M,M,1,13091.6,N,59.126667,CC,43.06,4,424.39
F,M,2,62061.8,Y,45.92,Auto,82.08,1,968.74
F,M,1,20550.9,Y,22.12,CC,85.64,1,2176.39
M,S,1,1765.41,N,18.766667,CC,47.99,2,1282.38
F,S,2,19131.1,N,56.186667,Auto,57.07,2,583.05
F,S,2,6440.46,Y,52,CH,49.86,4,568.02
M,M,2,28766.9,N,46.84,CC,64.2,4,712.46
M,M,2,91272.2,Y,25.033333,CC,40,4,917.66
F,S,0,73228.3,N,42,Auto,50.58,2,582.96
M,M,1,64792.3,N,52.146667,CH,51.41,4,561.78
F,S,0,93322.1,Y,40.313333,CH,38.72,1,551.51
M,M,2,49910.7,Y,51.52,CC,51.14,3,574.29
M,M,0,76161.4,Y,44.573333,CC,37.55,4,433.65
F,M,2,55860,Y,14.573333,CC,26.37,2,1084.49
M,M,2,57360.8,Y,53.253333,CC,67.61,1,645.23
M,M,1,92414.7,Y,45.513333,CC,40.06,4,465.19
F,S,2,14578.8,Y,60.933333,Auto,107.02,3,946.46
F,M,2,87578.2,Y,53.366667,CC,22.44,3,214.43
F,M,2,86695.4,N,13.906667,CC,58.03,4,2489.55
M,M,1,5306.11,N,39.093333,CH,22.94,2,327
F,M,0,83287,N,44,Auto,119.82,1,1517.95
M,M,1,2067.82,N,47.853333,CC,85.9,2,917.02
M,M,2,30665.2,Y,22.88,Auto,77.44,1,1678.92
F,M,1,78000,Y,56.193333,Auto,37.04,1,323.34
F,M,1,98680.4,Y,58.706667,CH,26.44,1,229.27
F,M,2,65619.7,Y,46,CC,158.22,3,1816.64
M,M,1,95620.3,Y,49.12,CC,104.53,1,1250.41
F,S,0,85275,N,47,Auto,174.09,1,2155.11
F,M,1,66921.4,Y,43,CC,24.67,1,338.96
F,M,1,98453.6,Y,46,Auto,25.38,2,288.91
F,S,2,57420,Y,48,Auto,277.72,1,3405.02
M,M,0,68000,N,67,CC,34.35,4,284.88
F,M,2,47639.1,N,48,CC,57.11,4,692.36
M,M,0,3911.9,N,38.413333,CC,39.36,2,548.99
F,S,0,39461,N,22.226667,CC,126.68,1,3064.09
M,M,1,47371,Y,54.96,CC,270.97,4,2565.92
M,S,1,16432.1,Y,20.92,CH,109.78,3,2743.99
F,S,1,540.4,Y,39.213333,Auto,20.1,3,262.79
F,M,2,80087.7,N,41.92,CC,31.56,4,389.39
F,M,2,59691.3,N,38.04,CC,278.65,1,4327.75
F,S,2,11251.1,Y,52,CC,141.91,2,1361.05
F,S,2,93559.1,N,57.62,CC,31.42,4,323.75
F,S,2,3416.62,Y,22.76,CC,123.7,3,3146.92
F,S,0,93454.3,Y,48.533333,Auto,44.13,3,509.35
M,M,0,5745,Y,15.38,CC,44.11,2,1530.13
F,M,2,11234.7,Y,49.046667,CC,113.42,2,1375.75
F,M,1,82931.3,N,64.64,Auto,137.25,2,1121.08
F,M,2,57483.9,N,44.026667,CH,44.3,1,505.42
F,S,2,21274,N,45.526667,Auto,43.31,4,478.49
F,M,2,28267,N,30.093333,CC,214.41,2,3971.44
F,M,2,36725.1,N,55.793333,CH,94.88,1,986.74
M,S,1,94188.3,N,57.546667,CC,41.51,2,428.3
F,M,2,91861,Y,41.98,CC,22.06,2,286.03
F,S,1,12374.9,Y,33.493333,Auto,123.59,1,1827.73
F,M,2,69133.9,Y,26.833333,CH,46.32,1,1030.21
F,M,2,84948,Y,29.446667,CH,23.73,3,466.45
F,M,2,30998.8,N,40.96,Auto,52.91,1,757.14
M,S,0,15924.2,N,14.46,CH,1.46,2,52.25
M,M,2,21416.5,N,35.653333,CC,27.61,3,412.06
M,M,2,78554.2,N,16.7,Auto,35.88,4,1205.9
F,M,2,38215.9,N,30.886667,Auto,0.97,1,16.44
F,M,2,49745.3,N,47.966667,CH,27.28,3,285.8
F,M,2,88427,N,13.86,CC,69.97,4,2532.99
F,M,2,98003.7,Y,26.273333,CC,84.42,1,1544.57
M,S,0,89142.7,N,53.693333,CC,16.91,4,174.95
F,S,0,74530.8,N,63.086667,Auto,127.89,4,1085.59
F,M,2,76289.2,N,48.206667,CC,104.63,3,1284.74
M,M,1,66931.9,N,63.933333,CC,17.46,1,139.79
M,M,2,9309.57,Y,25.44,CC,108.3,3,2425.1
F,S,0,77726.4,N,56.72,Auto,23.52,3,238.84
F,S,1,2800.68,N,45.673333,CC,134.75,3,1660.74
F,M,2,90271.6,N,44.926667,CC,110.4,2,1272.72
F,M,2,64816.6,Y,31.126667,CC,27.87,2,533.01
F,M,2,98217.1,N,44.98,CC,42.74,4,540.97
F,S,0,15989.3,N,61.693333,CC,29.17,2,233.15
M,S,1,84978.1,N,21.64,CH,88.79,1,2321.55
F,M,2,36647.9,N,49.986667,CC,107.38,2,1271.96
F,S,0,64319.2,N,41.226667,CH,40.16,1,522.55
F,S,1,73338,N,48.246667,Auto,29.93,1,343.55
F,S,0,433.74,N,60.746667,CC,44.22,2,398.21
F,M,2,16962.2,N,45.36,CC,27.57,2,355.3
M,M,2,10708.3,N,26.026667,CH,142.95,2,3235.4
F,M,0,2031.61,N,20.3,CC,109.04,2,2762.14
F,S,2,16938.5,N,52.646667,CH,22.11,4,218.46
F,M,0,55221,N,41,CC,15.69,1,188.28
F,M,1,8073.11,N,43,Auto,89.05,1,1227.11
M,M,1,95448.6,Y,53.68,CH,29.46,3,322.7
M,S,1,24141.5,Y,17.006667,CC,125.87,3,3688.98
M,S,2,63152.6,Y,63.173333,CC,70.01,3,543.28
M,S,2,72084.7,N,55.64,CC,38.13,2,338.87
F,S,0,42760.5,N,46,CC,53.7,2,653.08
F,S,1,49072,N,70,Auto,34.25,1,269.9
F,M,0,27371.8,Y,61,CC,142.7,1,1229.23
M,M,0,71472.9,N,41.913333,CH,130.22,4,1718.74
M,M,0,95405.7,N,46.506667,CC,13.96,1,172.42
M,S,0,95786.8,Y,57.553333,CC,108.79,4,1047.12
M,S,0,90321.6,N,39,Auto,12.39,2,156.6
M,D,1,90478.6,N,54.553333,CC,154.49,4,1621.78
F,M,2,56187,N,41,CH,21.83,2,262.82
F,S,1,42000,N,24.393333,CC,229.64,3,4608.19
M,M,0,9780.66,N,24.546667,CC,21.39,2,450.18
M,M,2,53010.8,N,18.84,CC,58.87,3,1635.91