{
  "id" : "input_id",
  "name" : "input for Churn_RandomForestClassifier",
  "type" : "struct",
  "fields" : [ {
    "name" : "Gender",
    "type" : "string",
    "nullable" : false
  }, {
    "name" : "Status",
    "type" : "string",
    "nullable" : false
  }, {
    "name" : "Car Owner",
    "type" : "string",
    "nullable" : false
  }, {
    "name" : "Paymethod",
    "type" : "string",
    "nullable" : false
  }, {
    "name" : "Children",
    "type" : "double",
    "nullable" : false
  }, {
    "name" : "Est Income",
    "type" : "double",
    "nullable" : false
  }, {
    "name" : "Age",
    "type" : "double",
    "nullable" : false
  }, {
    "name" : "Usage",
    "type" : "double",
    "nullable" : false
  }, {
    "name" : "RatePlan",
    "type" : "double",
    "nullable" : false
  } ]
}