{
  "name" : "SGDClassifier",
  "id" : "33",
  "version" : "v1",
  "modifiedAt" : "2023-05-26T09:56:09.529190Z",
  "trainedAt" : "2023-05-26T09:56:09.454969Z",
  "description" : "",
  "inputSchema" : {
    "id" : "input_id",
    "name" : "input for SGDClassifier",
    "type" : "struct",
    "fields" : [ {
      "name" : "creditScore",
      "type" : "double",
      "nullable" : false
    }, {
      "name" : "income",
      "type" : "double",
      "nullable" : false
    }, {
      "name" : "loanAmount",
      "type" : "double",
      "nullable" : false
    }, {
      "name" : "monthDuration",
      "type" : "double",
      "nullable" : false
    }, {
      "name" : "rate",
      "type" : "double",
      "nullable" : false
    }, {
      "name" : "yearlyReimbursement",
      "type" : "double",
      "nullable" : false
    } ]
  },
  "outputSchema" : {
    "id" : "output_id",
    "name" : "output for SGDClassifier",
    "type" : "struct",
    "fields" : [ {
      "name" : "probability_0",
      "type" : "double",
      "nullable" : false
    }, {
      "name" : "probability_1",
      "type" : "double",
      "nullable" : false
    }, {
      "name" : "predicted_paymentDefault",
      "type" : "integer",
      "nullable" : false
    } ]
  },
  "metadata" : {
    "description" : null,
    "tags" : [ "ADS_TAG/084740706/Banking" ]
  }
}