{
  "id" : "input_id",
  "name" : "input for Churn_RandomForestClassifier",
  "type" : "struct",
  "fields" : [ {
    "name" : "Gender",
    "type" : "string",
    "nullable" : false,
    "jsonName" : "Gender"
  }, {
    "name" : "Status",
    "type" : "string",
    "nullable" : false,
    "jsonName" : "Status"
  }, {
    "name" : "Car Owner",
    "type" : "string",
    "nullable" : false,
    "jsonName" : "Car Owner"
  }, {
    "name" : "Paymethod",
    "type" : "string",
    "nullable" : false,
    "jsonName" : "Paymethod"
  }, {
    "name" : "Children",
    "type" : "double",
    "nullable" : false,
    "jsonName" : "Children"
  }, {
    "name" : "Est Income",
    "type" : "double",
    "nullable" : false,
    "jsonName" : "Est Income"
  }, {
    "name" : "Age",
    "type" : "double",
    "nullable" : false,
    "jsonName" : "Age"
  }, {
    "name" : "Usage",
    "type" : "double",
    "nullable" : false,
    "jsonName" : "Usage"
  }, {
    "name" : "RatePlan",
    "type" : "double",
    "nullable" : false,
    "jsonName" : "RatePlan"
  } ]
}