{
  "name" : "Churn_RandomForestClassifier",
  "id" : "33",
  "version" : "v1",
  "modifiedAt" : "2022-06-13T16:42:41.907405Z",
  "trainedAt" : "2022-06-13T16:42:41.805869Z",
  "description" : "",
  "inputSchema" : {
    "id" : "input_id",
    "name" : "input for Churn_RandomForestClassifier",
    "type" : "struct",
    "fields" : [ {
      "name" : "Gender",
      "type" : "string",
      "nullable" : false
    }, {
      "name" : "Status",
      "type" : "string",
      "nullable" : false
    }, {
      "name" : "Car Owner",
      "type" : "string",
      "nullable" : false
    }, {
      "name" : "Paymethod",
      "type" : "string",
      "nullable" : false
    }, {
      "name" : "Children",
      "type" : "double",
      "nullable" : false
    }, {
      "name" : "Est Income",
      "type" : "double",
      "nullable" : false
    }, {
      "name" : "Age",
      "type" : "double",
      "nullable" : false
    }, {
      "name" : "Usage",
      "type" : "double",
      "nullable" : false
    }, {
      "name" : "RatePlan",
      "type" : "double",
      "nullable" : false
    } ]
  },
  "outputSchema" : {
    "id" : "output_id",
    "name" : "output for Churn_RandomForestClassifier",
    "type" : "struct",
    "fields" : [ {
      "name" : "probability(T)",
      "type" : "double",
      "nullable" : false
    }, {
      "name" : "probability(F)",
      "type" : "double",
      "nullable" : false
    } ]
  },
  "metadata" : {
    "description" : null,
    "tags" : [ "ADS_TAG/082392706/Telecom" ]
  }
}