{
  "name" : "Churn_RandomForestClassifier",
  "id" : "81",
  "version" : "v1",
  "modifiedAt" : "2021-11-29T17:42:03.341778Z",
  "trainedAt" : "2021-11-29T17:42:03.341778Z",
  "description" : "",
  "inputSchema" : {
    "id" : "input_id",
    "name" : "input for Churn_RandomForestClassifier",
    "type" : "struct",
    "fields" : [ {
      "name" : "Gender",
      "type" : "string",
      "nullable" : false
    }, {
      "name" : "Status",
      "type" : "string",
      "nullable" : false
    }, {
      "name" : "Car Owner",
      "type" : "string",
      "nullable" : false
    }, {
      "name" : "Paymethod",
      "type" : "string",
      "nullable" : false
    }, {
      "name" : "Children",
      "type" : "double",
      "nullable" : false
    }, {
      "name" : "Est Income",
      "type" : "double",
      "nullable" : false
    }, {
      "name" : "Age",
      "type" : "double",
      "nullable" : false
    }, {
      "name" : "Usage",
      "type" : "double",
      "nullable" : false
    }, {
      "name" : "RatePlan",
      "type" : "double",
      "nullable" : false
    } ]
  },
  "outputSchema" : {
    "id" : "output_id",
    "name" : "output for Churn_RandomForestClassifier",
    "type" : "struct",
    "fields" : [ {
      "name" : "probability(T)",
      "type" : "double",
      "nullable" : false
    }, {
      "name" : "probability(F)",
      "type" : "double",
      "nullable" : false
    } ]
  },
  "metadata" : { }
}