{
  "name" : "LTV_Regression",
  "id" : "82",
  "version" : "v1",
  "modifiedAt" : "2021-11-29T17:42:06.985771Z",
  "trainedAt" : "2021-11-29T17:42:06.985771Z",
  "description" : "",
  "inputSchema" : {
    "id" : "input_id",
    "name" : "input for LTV_Regression",
    "type" : "struct",
    "fields" : [ {
      "name" : "Gender",
      "type" : "string",
      "nullable" : false
    }, {
      "name" : "Status",
      "type" : "string",
      "nullable" : false
    }, {
      "name" : "Car Owner",
      "type" : "string",
      "nullable" : false
    }, {
      "name" : "Paymethod",
      "type" : "string",
      "nullable" : false
    }, {
      "name" : "Children",
      "type" : "double",
      "nullable" : false
    }, {
      "name" : "Est Income",
      "type" : "double",
      "nullable" : false
    }, {
      "name" : "Age",
      "type" : "double",
      "nullable" : false
    }, {
      "name" : "Usage",
      "type" : "double",
      "nullable" : false
    }, {
      "name" : "RatePlan",
      "type" : "double",
      "nullable" : false
    } ]
  },
  "outputSchema" : {
    "id" : "output_id",
    "name" : "output for LTV_Regression",
    "type" : "struct",
    "fields" : [ {
      "name" : "predicted_LTV",
      "type" : "double",
      "nullable" : false
    } ]
  },
  "metadata" : { }
}